       0.000000000       0.000000000       0.000000000
      10.000000000       0.000000000       0.000000000
      20.000000000       0.000000000       0.000000000
      30.000000000       0.000000000       0.000000000
      40.000000000       0.000000000       0.000000000
      50.000000000       0.000000000       0.000000000
      60.000000000       0.000000000       0.000000000
      70.000000000       0.000000000       0.000000000
      80.000000000       0.000000000       0.000000000
      90.000000000       0.000000000       0.000000000
     100.000000000       0.000000000       0.000000000
     110.000000000       0.000000000       0.000000000
     120.000000000       0.000000000       0.000000000
     130.000000000       0.000000000       0.000000000
     140.000000000       0.000000000       0.000000000
     150.000000000       0.000000000       0.000000000
     160.000000000       0.000000000       0.000000000
     170.000000000       0.000000000       0.000000000
     180.000000000       0.000000000       0.000000000
     190.000000000       0.000000000       0.000000000
     200.000000000       0.000000000       0.000000000
     210.000000000       0.000000000       0.000000000
     220.000000000       0.000000000       0.000000000
     230.000000000       0.000000000       0.000000000
     240.000000000       0.000000000       0.000000000
     250.000000000       0.000000000       0.000000000
     260.000000000       0.000000000       0.000000000
     270.000000000       0.000000000       0.000000000
     280.000000000       0.000000000       0.000000000
     290.000000000       0.000000000       0.000000000
     300.000000000       0.000000000       0.000000000
     310.000000000       0.000000000       0.000000000
     320.000000000       0.000000000       0.000000000
     330.000000000       0.000000000       0.000000000
     340.000000000       0.000000000       0.000000000
     350.000000000       0.000000000       0.000000000
     360.000000000       0.000000000       0.000000000
     370.000000000       0.000000000       0.000000000
     380.000000000       0.000000000       0.000000000
     390.000000000       0.000000000       0.000000000
     400.000000000       0.000000000       0.000000000
     410.000000000       0.000000000       0.000000000
     420.000000000       0.000000000       0.000000000
     430.000000000       0.000000000       0.000000000
     440.000000000       0.000000000       0.000000000
     450.000000000       0.000000000       0.000000000
     460.000000000       0.000000000       0.000000000
     470.000000000       0.000000000       0.000000000
     480.000000000       0.000000000       0.000000000
     490.000000000       0.000000000       0.000000000
     500.000000000       0.000000000       0.000000000
     510.000000000       0.000000000       0.000000000
     520.000000000       0.000000000       0.000000000
     530.000000000       0.000000000       0.000000000
     540.000000000       0.000000000       0.000000000
     550.000000000       0.000000000       0.000000000
     560.000000000       0.000000000       0.000000000
     570.000000000       0.000000000       0.000000000
     580.000000000       0.000000000       0.000000000
     590.000000000       0.000000000       0.000000000
     600.000000000       0.000000000       0.000000000
     610.000000000       0.000000000       0.000000000
     620.000000000       0.000000000       0.000000000
     630.000000000       0.000000000       0.000000000
     640.000000000       0.000000000       0.000000000
     650.000000000       0.000000000       0.000000000
     660.000000000       0.000000000       0.000000000
     670.000000000       0.000000000       0.000000000
     680.000000000       0.000000000       0.000000000
     690.000000000       0.000000000       0.000000000
     700.000000000       0.000000000       0.000000000
     710.000000000       0.000000000       0.000000000
     720.000000000       0.000000000       0.000000000
     730.000000000       0.000000000       0.000000000
     740.000000000       0.000000000       0.000000000
     750.000000000       0.000000000       0.000000000
     760.000000000       0.000000000       0.000000000
     770.000000000       0.000000000       0.000000000
     780.000000000       0.000000000       0.000000000
     790.000000000       0.000000000       0.000000000
     800.000000000       0.000000000       0.000000000
     810.000000000       0.000000000       0.000000000
     820.000000000       0.000000000       0.000000000
     830.000000000       0.000000000       0.000000000
     840.000000000       0.000000000       0.000000000
     850.000000000       0.000000000       0.000000000
     860.000000000       0.000000000       0.000000000
     870.000000000       0.000000000       0.000000000
     880.000000000       0.000000000       0.000000000
     890.000000000       0.000000000       0.000000000
     900.000000000       0.000000000       0.000000000
     910.000000000       0.000000000       0.000000000
     920.000000000       0.000000000       0.000000000
     930.000000000       0.000000000       0.000000000
     940.000000000       0.000000000       0.000000000
     950.000000000       0.000000000       0.000000000
     960.000000000       0.000000000       0.000000000
     970.000000000       0.000000000       0.000000000
     980.000000000       0.000000000       0.000000000
     990.000000000       0.000000000       0.000000000
    1000.000000000       0.000000000       0.000000000
    1010.000000000       0.000000000       0.000000000
    1020.000000000       0.000000000       0.000000000
    1030.000000000       0.000000000       0.000000000
    1040.000000000       0.000000000       0.000000000
    1050.000000000       0.000000000       0.000000000
    1060.000000000       0.000000000       0.000000000
    1070.000000000       0.000000000       0.000000000
    1080.000000000       0.000000000       0.000000000
    1090.000000000       0.000000000       0.000000000
    1100.000000000       0.000000000       0.000000000
    1110.000000000       0.000000000       0.000000000
    1120.000000000       0.000000000       0.000000000
    1130.000000000       0.000000000       0.000000000
    1140.000000000       0.000000000       0.000000000
    1150.000000000       0.000000000       0.000000000
    1160.000000000       0.000000000       0.000000000
    1170.000000000       0.000000000       0.000000000
    1180.000000000       0.000000000       0.000000000
    1190.000000000       0.000000000       0.000000000
    1200.000000000       0.000000000       0.000000000
    1210.000000000       0.000000000       0.000000000
    1220.000000000       0.000000000       0.000000000
    1230.000000000       0.000000000       0.000000000
    1240.000000000       0.000000000       0.000000000
    1250.000000000       0.000000000       0.000000000
    1260.000000000       0.000000000       0.000000000
    1270.000000000       0.000000000       0.000000000
    1280.000000000       0.000000000       0.000000000
    1290.000000000       0.000000000       0.000000000
    1300.000000000       0.000000000       0.000000000
    1310.000000000       0.000000000       0.000000000
    1320.000000000       0.000000000       0.000000000
    1330.000000000       0.000000000       0.000000000
    1340.000000000       0.000000000       0.000000000
    1350.000000000       0.000000000       0.000000000
    1360.000000000       0.000000000       0.000000000
    1370.000000000       0.000000000       0.000000000
    1380.000000000       0.000000000       0.000000000
    1390.000000000       0.000000000       0.000000000
    1400.000000000       0.000000000       0.000000000
    1410.000000000       0.000000000       0.000000000
    1420.000000000       0.000000000       0.000000000
    1430.000000000       0.000000000       0.000000000
    1440.000000000       0.000000000       0.000000000
    1450.000000000       0.000000000       0.000000000
    1460.000000000       0.000000000       0.000000000
    1470.000000000       0.000000000       0.000000000
    1480.000000000       0.000000000       0.000000000
    1490.000000000       0.000000000       0.000000000
    1500.000000000       0.000000000       0.000000000
    1510.000000000       0.000000000       0.000000000
    1520.000000000       0.000000000       0.000000000
    1530.000000000       0.000000000       0.000000000
    1540.000000000       0.000000000       0.000000000
    1550.000000000       0.000000000       0.000000000
    1560.000000000       0.000000000       0.000000000
    1570.000000000       0.000000000       0.000000000
    1580.000000000       0.000000000       0.000000000
    1590.000000000       0.000000000       0.000000000
    1600.000000000       0.000000000       0.000000000
    1610.000000000       0.000000000       0.000000000
    1620.000000000       0.000000000       0.000000000
    1630.000000000       0.000000000       0.000000000
    1640.000000000       0.000000000       0.000000000
    1650.000000000       0.000000000       0.000000000
    1660.000000000       0.000000000       0.000000000
    1670.000000000       0.000000000       0.000000000
    1680.000000000       0.000000000       0.000000000
    1690.000000000       0.000000000       0.000000000
    1700.000000000       0.000000000       0.000000000
    1710.000000000       0.000000000       0.000000000
    1720.000000000       0.000000000       0.000000000
    1730.000000000       0.000000000       0.000000000
    1740.000000000       0.000000000       0.000000000
    1750.000000000       0.000000000       0.000000000
    1760.000000000       0.000000000       0.000000000
    1770.000000000       0.000000000       0.000000000
    1780.000000000       0.000000000       0.000000000
    1790.000000000       0.000000000       0.000000000
    1800.000000000       0.000000000       0.000000000
    1810.000000000       0.000000000       0.000000000
    1820.000000000       0.000000000       0.000000000
    1830.000000000       0.000000000       0.000000000
    1840.000000000       0.000000000       0.000000000
    1850.000000000       0.000000000       0.000000000
    1860.000000000       0.000000000       0.000000000
    1870.000000000       0.000000000       0.000000000
    1880.000000000       0.000000000       0.000000000
    1890.000000000       0.000000000       0.000000000
    1900.000000000       0.000000000       0.000000000
    1910.000000000       0.000000000       0.000000000
    1920.000000000       0.000000000       0.000000000
    1930.000000000       0.000000000       0.000000000
    1940.000000000       0.000000000       0.000000000
    1950.000000000       0.000000000       0.000000000
    1960.000000000       0.000000000       0.000000000
    1970.000000000       0.000000000       0.000000000
    1980.000000000       0.000000000       0.000000000
    1990.000000000       0.000000000       0.000000000
    2000.000000000       0.000000000       0.000000000
    2010.000000000       0.000000000       0.000000000
    2020.000000000       0.000000000       0.000000000
    2030.000000000       0.000000000       0.000000000
    2040.000000000       0.000000000       0.000000000
    2050.000000000       0.000000000       0.000000000
    2060.000000000       0.000000000       0.000000000
    2070.000000000       0.000000000       0.000000000
    2080.000000000       0.000000000       0.000000000
    2090.000000000       0.000000000       0.000000000
    2100.000000000       0.000000000       0.000000000
    2110.000000000       0.000000000       0.000000000
    2120.000000000       0.000000000       0.000000000
    2130.000000000       0.000000000       0.000000000
    2140.000000000       0.000000000       0.000000000
    2150.000000000       0.000000000       0.000000000
    2160.000000000       0.000000000       0.000000000
    2170.000000000       0.000000000       0.000000000
    2180.000000000       0.000000000       0.000000000
    2190.000000000       0.000000000       0.000000000
    2200.000000000       0.000000000       0.000000000
    2210.000000000       0.000000000       0.000000000
    2220.000000000       0.000000000       0.000000000
    2230.000000000       0.000000000       0.000000000
    2240.000000000       0.000000000       0.000000000
    2250.000000000       0.000000000       0.000000000
    2260.000000000       0.000000000       0.000000000
    2270.000000000       0.000000000       0.000000000
    2280.000000000       0.000000000       0.000000000
    2290.000000000       0.000000000       0.000000000
    2300.000000000       0.000000000       0.000000000
    2310.000000000       0.000000000       0.000000000
    2320.000000000       0.000000000       0.000000000
    2330.000000000       0.000000000       0.000000000
    2340.000000000       0.000000000       0.000000000
    2350.000000000       0.000000000       0.000000000
    2360.000000000       0.000000000       0.000000000
    2370.000000000       0.000000000       0.000000000
    2380.000000000       0.000000000       0.000000000
    2390.000000000       0.000000000       0.000000000
    2400.000000000       0.000000000       0.000000000
    2410.000000000       0.000000000       0.000000000
    2420.000000000       0.000000000       0.000000000
    2430.000000000       0.000000000       0.000000000
    2440.000000000       0.000000000       0.000000000
    2450.000000000       0.000000000       0.000000000
    2460.000000000       0.000000000       0.000000000
    2470.000000000       0.000000000       0.000000000
    2480.000000000       0.000000000       0.000000000
    2490.000000000       0.000000000       0.000000000
    2500.000000000       0.000000000       0.000000000
    2510.000000000       0.000000000       0.000000000
    2520.000000000       0.000000000       0.000000000
    2530.000000000       0.000000000       0.000000000
    2540.000000000       0.000000000       0.000000000
    2550.000000000       0.000000000       0.000000000
    2560.000000000       0.000000000       0.000000000
    2570.000000000       0.000000000       0.000000000
    2580.000000000       0.000000000       0.000000000
    2590.000000000       0.000000000       0.000000000
    2600.000000000       0.000000000       0.000000000
    2610.000000000       0.000000000       0.000000000
    2620.000000000       0.000000000       0.000000000
    2630.000000000       0.000000000       0.000000000
    2640.000000000       0.000000000       0.000000000
    2650.000000000       0.000000000       0.000000000
    2660.000000000       0.000000000       0.000000000
    2670.000000000       0.000000000       0.000000000
    2680.000000000       0.000000000       0.000000000
    2690.000000000       0.000000000       0.000000000
    2700.000000000       0.000000000       0.000000000
    2710.000000000       0.000000000       0.000000000
    2720.000000000       0.000000000       0.000000000
    2730.000000000       0.000000000       0.000000000
    2740.000000000       0.000000000       0.000000000
    2750.000000000       0.000000000       0.000000000
    2760.000000000       0.000000000       0.000000000
    2770.000000000       0.000000000       0.000000000
    2780.000000000       0.000000000       0.000000000
    2790.000000000       0.000000000       0.000000000
    2800.000000000       0.000000000       0.000000000
    2810.000000000       0.000000000       0.000000000
    2820.000000000       0.000000000       0.000000000
    2830.000000000       0.000000000       0.000000000
    2840.000000000       0.000000000       0.000000000
    2850.000000000       0.000000000       0.000000000
    2860.000000000       0.000000000       0.000000000
    2870.000000000       0.000000000       0.000000000
    2880.000000000       0.000000000       0.000000000
    2890.000000000       0.000000000       0.000000000
    2900.000000000       0.000000000       0.000000000
    2910.000000000       0.000000000       0.000000000
    2920.000000000       0.000000000       0.000000000
    2930.000000000       0.000000000       0.000000000
    2940.000000000       0.000000000       0.000000000
    2950.000000000       0.000000000       0.000000000
    2960.000000000       0.000000000       0.000000000
    2970.000000000       0.000000000       0.000000000
    2980.000000000       0.000000000       0.000000000
    2990.000000000       0.000000000       0.000000000
    3000.000000000       0.000000000       0.000000000
    3010.000000000       0.000000000       0.000000000
    3020.000000000       0.000000000       0.000000000
    3030.000000000       0.000000000       0.000000000
    3040.000000000       0.000000000       0.000000000
    3050.000000000       0.000000000       0.000000000
    3060.000000000       0.000000000       0.000000000
    3070.000000000       0.000000000       0.000000000
    3080.000000000       0.000000000       0.000000000
    3090.000000000       0.000000000       0.000000000
    3100.000000000       0.000000000       0.000000000
    3110.000000000       0.000000000       0.000000000
    3120.000000000       0.000000000       0.000000000
    3130.000000000       0.000000000       0.000000000
    3140.000000000       0.000000000       0.000000000
    3150.000000000       0.000000000       0.000000000
    3160.000000000       0.000000000       0.000000000
    3170.000000000       0.000000000       0.000000000
    3180.000000000       0.000000000       0.000000000
    3190.000000000       0.000000000       0.000000000
    3200.000000000       0.000000000       0.000000000
    3210.000000000       0.000000000       0.000000000
    3220.000000000       0.000000000       0.000000000
    3230.000000000       0.000000000       0.000000000
    3240.000000000       0.000000000       0.000000000
    3250.000000000       0.000000000       0.000000000
    3260.000000000       0.000000000       0.000000000
    3270.000000000       0.000000000       0.000000000
    3280.000000000       0.000000000       0.000000000
    3290.000000000       0.000000000       0.000000000
    3300.000000000       0.000000000       0.000000000
    3310.000000000       0.000000000       0.000000000
    3320.000000000       0.000000000       0.000000000
    3330.000000000       0.000000000       0.000000000
    3340.000000000       0.000000000       0.000000000
    3350.000000000       0.000000000       0.000000000
    3360.000000000       0.000000000       0.000000000
    3370.000000000       0.000000000       0.000000000
    3380.000000000       0.000000000       0.000000000
    3390.000000000       0.000000000       0.000000000
    3400.000000000       0.000000000       0.000000000
    3410.000000000       0.000000000       0.000000000
    3420.000000000       0.000000000       0.000000000
    3430.000000000       0.000000000       0.000000000
    3440.000000000       0.000000000       0.000000000
    3450.000000000       0.000000000       0.000000000
    3460.000000000       0.000000000       0.000000000
    3470.000000000       0.000000000       0.000000000
    3480.000000000       0.000000000       0.000000000
    3490.000000000       0.000000000       0.000000000
    3500.000000000       0.000000000       0.000000000
    3510.000000000       0.000000000       0.000000000
    3520.000000000       0.000000000       0.000000000
    3530.000000000       0.000000000       0.000000000
    3540.000000000       0.000000000       0.000000000
    3550.000000000       0.000000000       0.000000000
    3560.000000000       0.000000000       0.000000000
    3570.000000000       0.000000000       0.000000000
    3580.000000000       0.000000000       0.000000000
    3590.000000000       0.000000000       0.000000000
    3600.000000000       0.000000000       0.000000000
    3610.000000000       0.000000000       0.000000000
    3620.000000000       0.000000000       0.000000000
    3630.000000000       0.000000000       0.000000000
    3640.000000000       0.000000000       0.000000000
    3650.000000000       0.000000000       0.000000000
    3660.000000000       0.000000000       0.000000000
    3670.000000000       0.000000000       0.000000000
    3680.000000000       0.000000000       0.000000000
    3690.000000000       0.000000000       0.000000000
    3700.000000000       0.000000000       0.000000000
    3710.000000000       0.000000000       0.000000000
    3720.000000000       0.000000000       0.000000000
    3730.000000000       0.000000000       0.000000000
    3740.000000000       0.000000000       0.000000000
    3750.000000000       0.000000000       0.000000000
    3760.000000000       0.000000000       0.000000000
    3770.000000000       0.000000000       0.000000000
    3780.000000000       0.000000000       0.000000000
    3790.000000000       0.000000000       0.000000000
    3800.000000000       0.000000000       0.000000000
    3810.000000000       0.000000000       0.000000000
    3820.000000000       0.000000000       0.000000000
    3830.000000000       0.000000000       0.000000000
    3840.000000000       0.000000000       0.000000000
    3850.000000000       0.000000000       0.000000000
    3860.000000000       0.000000000       0.000000000
    3870.000000000       0.000000000       0.000000000
    3880.000000000       0.000000000       0.000000000
    3890.000000000       0.000000000       0.000000000
    3900.000000000       0.000000000       0.000000000
    3910.000000000       0.000000000       0.000000000
    3920.000000000       0.000000000       0.000000000
    3930.000000000       0.000000000       0.000000000
    3940.000000000       0.000000000       0.000000000
    3950.000000000       0.000000000       0.000000000
    3960.000000000       0.000000000       0.000000000
    3970.000000000       0.000000000       0.000000000
    3980.000000000       0.000000000       0.000000000
    3990.000000000       0.000000000       0.000000000
    4000.000000000       0.000000000       0.000000000
    4010.000000000       0.000000000       0.000000000
    4020.000000000       0.000000000       0.000000000
    4030.000000000       0.000000000       0.000000000
    4040.000000000       0.000000000       0.000000000
    4050.000000000       0.000000000       0.000000000
    4060.000000000       0.000000000       0.000000000
    4070.000000000       0.000000000       0.000000000
    4080.000000000       0.000000000       0.000000000
    4090.000000000       0.000000000       0.000000000
    4100.000000000       0.000000000       0.000000000
    4110.000000000       0.000000000       0.000000000
    4120.000000000       0.000000000       0.000000000
    4130.000000000       0.000000000       0.000000000
    4140.000000000       0.000000000       0.000000000
    4150.000000000       0.000000000       0.000000000
    4160.000000000       0.000000000       0.000000000
    4170.000000000       0.000000000       0.000000000
    4180.000000000       0.000000000       0.000000000
    4190.000000000       0.000000000       0.000000000
    4200.000000000       0.000000000       0.000000000
    4210.000000000       0.000000000       0.000000000
    4220.000000000       0.000000000       0.000000000
    4230.000000000       0.000000000       0.000000000
    4240.000000000       0.000000000       0.000000000
    4250.000000000       0.000000000       0.000000000
    4260.000000000       0.000000000       0.000000000
    4270.000000000       0.000000000       0.000000000
    4280.000000000       0.000000000       0.000000000
    4290.000000000       0.000000000       0.000000000
    4300.000000000       0.000000000       0.000000000
    4310.000000000       0.000000000       0.000000000
    4320.000000000       0.000000000       0.000000000
    4330.000000000       0.000000000       0.000000000
    4340.000000000       0.000000000       0.000000000
    4350.000000000       0.000000000       0.000000000
    4360.000000000       0.000000000       0.000000000
    4370.000000000       0.000000000       0.000000000
    4380.000000000       0.000000000       0.000000000
    4390.000000000       0.000000000       0.000000000
    4400.000000000       0.000000000       0.000000000
    4410.000000000       0.000000000       0.000000000
    4420.000000000       0.000000000       0.000000000
    4430.000000000       0.000000000       0.000000000
    4440.000000000       0.000000000       0.000000000
    4450.000000000       0.000000000       0.000000000
    4460.000000000       0.000000000       0.000000000
    4470.000000000       0.000000000       0.000000000
    4480.000000000       0.000000000       0.000000000
    4490.000000000       0.000000000       0.000000000
    4500.000000000       0.000000000       0.000000000
    4510.000000000       0.000000000       0.000000000
    4520.000000000       0.000000000       0.000000000
    4530.000000000       0.000000000       0.000000000
    4540.000000000       0.000000000       0.000000000
    4550.000000000       0.000000000       0.000000000
    4560.000000000       0.000000000       0.000000000
    4570.000000000       0.000000000       0.000000000
    4580.000000000       0.000000000       0.000000000
    4590.000000000       0.000000000       0.000000000
    4600.000000000       0.000000000       0.000000000
    4610.000000000       0.000000000       0.000000000
    4620.000000000       0.000000000       0.000000000
    4630.000000000       0.000000000       0.000000000
    4640.000000000       0.000000000       0.000000000
    4650.000000000       0.000000000       0.000000000
    4660.000000000       0.000000000       0.000000000
    4670.000000000       0.000000000       0.000000000
    4680.000000000       0.000000000       0.000000000
    4690.000000000       0.000000000       0.000000000
    4700.000000000       0.000000000       0.000000000
    4710.000000000       0.000000000       0.000000000
    4720.000000000       0.000000000       0.000000000
    4730.000000000       0.000000000       0.000000000
    4740.000000000       0.000000000       0.000000000
    4750.000000000       0.000000000       0.000000000
    4760.000000000       0.000000000       0.000000000
    4770.000000000       0.000000000       0.000000000
    4780.000000000       0.000000000       0.000000000
    4790.000000000       0.000000000       0.000000000
    4800.000000000       0.000000000       0.000000000
    4810.000000000       0.000000000       0.000000000
    4820.000000000       0.000000000       0.000000000
    4830.000000000       0.000000000       0.000000000
    4840.000000000       0.000000000       0.000000000
    4850.000000000       0.000000000       0.000000000
    4860.000000000       0.000000000       0.000000000
    4870.000000000       0.000000000       0.000000000
    4880.000000000       0.000000000       0.000000000
    4890.000000000       0.000000000       0.000000000
    4900.000000000       0.000000000       0.000000000
    4910.000000000       0.000000000       0.000000000
    4920.000000000       0.000000000       0.000000000
    4930.000000000       0.000000000       0.000000000
    4940.000000000       0.000000000       0.000000000
    4950.000000000       0.000000000       0.000000000
    4960.000000000       0.000000000       0.000000000
    4970.000000000       0.000000000       0.000000000
    4980.000000000       0.000000000       0.000000000
    4990.000000000       0.000000000       0.000000000
    5000.000000000       0.000000000       0.000000000
    5010.000000000       0.000000000       0.000000000
    5020.000000000       0.000000000       0.000000000
    5030.000000000       0.000000000       0.000000000
    5040.000000000       0.000000000       0.000000000
    5050.000000000       0.000000000       0.000000000
    5060.000000000       0.000000000       0.000000000
    5070.000000000       0.000000000       0.000000000
    5080.000000000       0.000000000       0.000000000
    5090.000000000       0.000000000       0.000000000
    5100.000000000       0.000000000       0.000000000
    5110.000000000       0.000000000       0.000000000
    5120.000000000       0.000000000       0.000000000
    5130.000000000       0.000000000       0.000000000
    5140.000000000       0.000000000       0.000000000
    5150.000000000       0.000000000       0.000000000
    5160.000000000       0.000000000       0.000000000
    5170.000000000       0.000000000       0.000000000
    5180.000000000       0.000000000       0.000000000
    5190.000000000       0.000000000       0.000000000
    5200.000000000       0.000000000       0.000000000
    5210.000000000       0.000000000       0.000000000
    5220.000000000       0.000000000       0.000000000
    5230.000000000       0.000000000       0.000000000
    5240.000000000       0.000000000       0.000000000
    5250.000000000       0.000000000       0.000000000
    5260.000000000       0.000000000       0.000000000
    5270.000000000       0.000000000       0.000000000
    5280.000000000       0.000000000       0.000000000
    5290.000000000       0.000000000       0.000000000
    5300.000000000       0.000000000       0.000000000
    5310.000000000       0.000000000       0.000000000
    5320.000000000       0.000000000       0.000000000
    5330.000000000       0.000000000       0.000000000
    5340.000000000       0.000000000       0.000000000
    5350.000000000       0.000000000       0.000000000
    5360.000000000       0.000000000       0.000000000
    5370.000000000       0.000000000       0.000000000
    5380.000000000       0.000000000       0.000000000
    5390.000000000       0.000000000       0.000000000
    5400.000000000       0.000000000       0.000000000
    5410.000000000       0.000000000       0.000000000
    5420.000000000       0.000000000       0.000000000
    5430.000000000       0.000000000       0.000000000
    5440.000000000       0.000000000       0.000000000
    5450.000000000       0.000000000       0.000000000
    5460.000000000       0.000000000       0.000000000
    5470.000000000       0.000000000       0.000000000
    5480.000000000       0.000000000       0.000000000
    5490.000000000       0.000000000       0.000000000
    5500.000000000       0.000000000       0.000000000
    5510.000000000       0.000000000       0.000000000
    5520.000000000       0.000000000       0.000000000
    5530.000000000       0.000000000       0.000000000
    5540.000000000       0.000000000       0.000000000
    5550.000000000       0.000000000       0.000000000
    5560.000000000       0.000000000       0.000000000
    5570.000000000       0.000000000       0.000000000
    5580.000000000       0.000000000       0.000000000
    5590.000000000       0.000000000       0.000000000
    5600.000000000       0.000000000       0.000000000
    5610.000000000       0.000000000       0.000000000
    5620.000000000       0.000000000       0.000000000
    5630.000000000       0.000000000       0.000000000
    5640.000000000       0.000000000       0.000000000
    5650.000000000       0.000000000       0.000000000
    5660.000000000       0.000000000       0.000000000
    5670.000000000       0.000000000       0.000000000
    5680.000000000       0.000000000       0.000000000
    5690.000000000       0.000000000       0.000000000
    5700.000000000       0.000000000       0.000000000
    5710.000000000       0.000000000       0.000000000
    5720.000000000       0.000000000       0.000000000
    5730.000000000       0.000000000       0.000000000
    5740.000000000       0.000000000       0.000000000
    5750.000000000       0.000000000       0.000000000
    5760.000000000       0.000000000       0.000000000
    5770.000000000       0.000000000       0.000000000
    5780.000000000       0.000000000       0.000000000
    5790.000000000       0.000000000       0.000000000
    5800.000000000       0.000000000       0.000000000
    5810.000000000       0.000000000       0.000000000
    5820.000000000       0.000000000       0.000000000
    5830.000000000       0.000000000       0.000000000
    5840.000000000       0.000000000       0.000000000
    5850.000000000       0.000000000       0.000000000
    5860.000000000       0.000000000       0.000000000
    5870.000000000       0.000000000       0.000000000
    5880.000000000       0.000000000       0.000000000
    5890.000000000       0.000000000       0.000000000
    5900.000000000       0.000000000       0.000000000
    5910.000000000       0.000000000       0.000000000
    5920.000000000       0.000000000       0.000000000
    5930.000000000       0.000000000       0.000000000
    5940.000000000       0.000000000       0.000000000
    5950.000000000       0.000000000       0.000000000
    5960.000000000       0.000000000       0.000000000
    5970.000000000       0.000000000       0.000000000
    5980.000000000       0.000000000       0.000000000
    5990.000000000       0.000000000       0.000000000
    6000.000000000       0.000000000       0.000000000
    6010.000000000       0.000000000       0.000000000
    6020.000000000       0.000000000       0.000000000
    6030.000000000       0.000000000       0.000000000
    6040.000000000       0.000000000       0.000000000
    6050.000000000       0.000000000       0.000000000
    6060.000000000       0.000000000       0.000000000
    6070.000000000       0.000000000       0.000000000
    6080.000000000       0.000000000       0.000000000
    6090.000000000       0.000000000       0.000000000
    6100.000000000       0.000000000       0.000000000
    6110.000000000       0.000000000       0.000000000
    6120.000000000       0.000000000       0.000000000
    6130.000000000       0.000000000       0.000000000
    6140.000000000       0.000000000       0.000000000
    6150.000000000       0.000000000       0.000000000
    6160.000000000       0.000000000       0.000000000
    6170.000000000       0.000000000       0.000000000
    6180.000000000       0.000000000       0.000000000
    6190.000000000       0.000000000       0.000000000
    6200.000000000       0.000000000       0.000000000
    6210.000000000       0.000000000       0.000000000
    6220.000000000       0.000000000       0.000000000
    6230.000000000       0.000000000       0.000000000
    6240.000000000       0.000000000       0.000000000
    6250.000000000       0.000000000       0.000000000
    6260.000000000       0.000000000       0.000000000
    6270.000000000       0.000000000       0.000000000
    6280.000000000       0.000000000       0.000000000
    6290.000000000       0.000000000       0.000000000
    6300.000000000       0.000000000       0.000000000
    6310.000000000       0.000000000       0.000000000
    6320.000000000       0.000000000       0.000000000
    6330.000000000       0.000000000       0.000000000
    6340.000000000       0.000000000       0.000000000
    6350.000000000       0.000000000       0.000000000
    6360.000000000       0.000000000       0.000000000
    6370.000000000       0.000000000       0.000000000
    6380.000000000       0.000000000       0.000000000
    6390.000000000       0.000000000       0.000000000
    6400.000000000       0.000000000       0.000000000
    6410.000000000       0.000000000       0.000000000
    6420.000000000       0.000000000       0.000000000
    6430.000000000       0.000000000       0.000000000
    6440.000000000       0.000000000       0.000000000
    6450.000000000       0.000000000       0.000000000
    6460.000000000       0.000000000       0.000000000
    6470.000000000       0.000000000       0.000000000
    6480.000000000       0.000000000       0.000000000
    6490.000000000       0.000000000       0.000000000
    6500.000000000       0.000000000       0.000000000
    6510.000000000       0.000000000       0.000000000
    6520.000000000       0.000000000       0.000000000
    6530.000000000       0.000000000       0.000000000
    6540.000000000       0.000000000       0.000000000
    6550.000000000       0.000000000       0.000000000
    6560.000000000       0.000000000       0.000000000
    6570.000000000       0.000000000       0.000000000
    6580.000000000       0.000000000       0.000000000
    6590.000000000       0.000000000       0.000000000
    6600.000000000       0.000000000       0.000000000
    6610.000000000       0.000000000       0.000000000
    6620.000000000       0.000000000       0.000000000
    6630.000000000       0.000000000       0.000000000
    6640.000000000       0.000000000       0.000000000
    6650.000000000       0.000000000       0.000000000
    6660.000000000       0.000000000       0.000000000
    6670.000000000       0.000000000       0.000000000
    6680.000000000       0.000000000       0.000000000
    6690.000000000       0.000000000       0.000000000
    6700.000000000       0.000000000       0.000000000
    6710.000000000       0.000000000       0.000000000
    6720.000000000       0.000000000       0.000000000
    6730.000000000       0.000000000       0.000000000
    6740.000000000       0.000000000       0.000000000
    6750.000000000       0.000000000       0.000000000
    6760.000000000       0.000000000       0.000000000
    6770.000000000       0.000000000       0.000000000
    6780.000000000       0.000000000       0.000000000
    6790.000000000       0.000000000       0.000000000
    6800.000000000       0.000000000       0.000000000
    6810.000000000       0.000000000       0.000000000
    6820.000000000       0.000000000       0.000000000
    6830.000000000       0.000000000       0.000000000
    6840.000000000       0.000000000       0.000000000
    6850.000000000       0.000000000       0.000000000
    6860.000000000       0.000000000       0.000000000
    6870.000000000       0.000000000       0.000000000
    6880.000000000       0.000000000       0.000000000
    6890.000000000       0.000000000       0.000000000
    6900.000000000       0.000000000       0.000000000
    6910.000000000       0.000000000       0.000000000
    6920.000000000       0.000000000       0.000000000
    6930.000000000       0.000000000       0.000000000
    6940.000000000       0.000000000       0.000000000
    6950.000000000       0.000000000       0.000000000
    6960.000000000       0.000000000       0.000000000
    6970.000000000       0.000000000       0.000000000
    6980.000000000       0.000000000       0.000000000
    6990.000000000       0.000000000       0.000000000
    7000.000000000       0.000000000       0.000000000
    7010.000000000       0.000000000       0.000000000
    7020.000000000       0.000000000       0.000000000
    7030.000000000       0.000000000       0.000000000
    7040.000000000       0.000000000       0.000000000
    7050.000000000       0.000000000       0.000000000
    7060.000000000       0.000000000       0.000000000
    7070.000000000       0.000000000       0.000000000
    7080.000000000       0.000000000       0.000000000
    7090.000000000       0.000000000       0.000000000
    7100.000000000       0.000000000       0.000000000
    7110.000000000       0.000000000       0.000000000
    7120.000000000       0.000000000       0.000000000
    7130.000000000       0.000000000       0.000000000
    7140.000000000       0.000000000       0.000000000
    7150.000000000       0.000000000       0.000000000
    7160.000000000       0.000000000       0.000000000
    7170.000000000       0.000000000       0.000000000
    7180.000000000       0.000000000       0.000000000
    7190.000000000       0.000000000       0.000000000
    7200.000000000       0.000000000       0.000000000
    7210.000000000       0.000000000       0.000000000
    7220.000000000       0.000000000       0.000000000
    7230.000000000       0.000000000       0.000000000
    7240.000000000       0.000000000       0.000000000
    7250.000000000       0.000000000       0.000000000
    7260.000000000       0.000000000       0.000000000
    7270.000000000       0.000000000       0.000000000
    7280.000000000       0.000000000       0.000000000
    7290.000000000       0.000000000       0.000000000
    7300.000000000       0.000000000       0.000000000
    7310.000000000       0.000000000       0.000000000
    7320.000000000       0.000000000       0.000000000
    7330.000000000       0.000000000       0.000000000
    7340.000000000       0.000000000       0.000000000
    7350.000000000       0.000000000       0.000000000
    7360.000000000       0.000000000       0.000000000
    7370.000000000       0.000000000       0.000000000
    7380.000000000       0.000000000       0.000000000
    7390.000000000       0.000000000       0.000000000
    7400.000000000       0.000000000       0.000000000
    7410.000000000       0.000000000       0.000000000
    7420.000000000       0.000000000       0.000000000
    7430.000000000       0.000000000       0.000000000
    7440.000000000       0.000000000       0.000000000
    7450.000000000       0.000000000       0.000000000
    7460.000000000       0.000000000       0.000000000
    7470.000000000       0.000000000       0.000000000
    7480.000000000       0.000000000       0.000000000
    7490.000000000       0.000000000       0.000000000
    7500.000000000       0.000000000       0.000000000
    7510.000000000       0.000000000       0.000000000
    7520.000000000       0.000000000       0.000000000
    7530.000000000       0.000000000       0.000000000
    7540.000000000       0.000000000       0.000000000
    7550.000000000       0.000000000       0.000000000
    7560.000000000       0.000000000       0.000000000
    7570.000000000       0.000000000       0.000000000
    7580.000000000       0.000000000       0.000000000
    7590.000000000       0.000000000       0.000000000
    7600.000000000       0.000000000       0.000000000
    7610.000000000       0.000000000       0.000000000
    7620.000000000       0.000000000       0.000000000
    7630.000000000       0.000000000       0.000000000
    7640.000000000       0.000000000       0.000000000
    7650.000000000       0.000000000       0.000000000
    7660.000000000       0.000000000       0.000000000
    7670.000000000       0.000000000       0.000000000
    7680.000000000       0.000000000       0.000000000
    7690.000000000       0.000000000       0.000000000
    7700.000000000       0.000000000       0.000000000
    7710.000000000       0.000000000       0.000000000
    7720.000000000       0.000000000       0.000000000
    7730.000000000       0.000000000       0.000000000
    7740.000000000       0.000000000       0.000000000
    7750.000000000       0.000000000       0.000000000
    7760.000000000       0.000000000       0.000000000
    7770.000000000       0.000000000       0.000000000
    7780.000000000       0.000000000       0.000000000
    7790.000000000       0.000000000       0.000000000
    7800.000000000       0.000000000       0.000000000
    7810.000000000       0.000000000       0.000000000
    7820.000000000       0.000000000       0.000000000
    7830.000000000       0.000000000       0.000000000
    7840.000000000       0.000000000       0.000000000
    7850.000000000       0.000000000       0.000000000
    7860.000000000       0.000000000       0.000000000
    7870.000000000       0.000000000       0.000000000
    7880.000000000       0.000000000       0.000000000
    7890.000000000       0.000000000       0.000000000
    7900.000000000       0.000000000       0.000000000
    7910.000000000       0.000000000       0.000000000
    7920.000000000       0.000000000       0.000000000
    7930.000000000       0.000000000       0.000000000
    7940.000000000       0.000000000       0.000000000
    7950.000000000       0.000000000       0.000000000
    7960.000000000       0.000000000       0.000000000
    7970.000000000       0.000000000       0.000000000
    7980.000000000       0.000000000       0.000000000
    7990.000000000       0.000000000       0.000000000
    8000.000000000       0.000000000       0.000000000
    8010.000000000       0.000000000       0.000000000
    8020.000000000       0.000000000       0.000000000
    8030.000000000       0.000000000       0.000000000
    8040.000000000       0.000000000       0.000000000
    8050.000000000       0.000000000       0.000000000
    8060.000000000       0.000000000       0.000000000
    8070.000000000       0.000000000       0.000000000
    8080.000000000       0.000000000       0.000000000
    8090.000000000       0.000000000       0.000000000
    8100.000000000       0.000000000       0.000000000
    8110.000000000       0.000000000       0.000000000
    8120.000000000       0.000000000       0.000000000
    8130.000000000       0.000000000       0.000000000
    8140.000000000       0.000000000       0.000000000
    8150.000000000       0.000000000       0.000000000
    8160.000000000       0.000000000       0.000000000
    8170.000000000       0.000000000       0.000000000
    8180.000000000       0.000000000       0.000000000
    8190.000000000       0.000000000       0.000000000
    8200.000000000       0.000000000       0.000000000
    8210.000000000       0.000000000       0.000000000
    8220.000000000       0.000000000       0.000000000
    8230.000000000       0.000000000       0.000000000
    8240.000000000       0.000000000       0.000000000
    8250.000000000       0.000000000       0.000000000
    8260.000000000       0.000000000       0.000000000
    8270.000000000       0.000000000       0.000000000
    8280.000000000       0.000000000       0.000000000
    8290.000000000       0.000000000       0.000000000
    8300.000000000       0.000000000       0.000000000
    8310.000000000       0.000000000       0.000000000
    8320.000000000       0.000000000       0.000000000
    8330.000000000       0.000000000       0.000000000
    8340.000000000       0.000000000       0.000000000
    8350.000000000       0.000000000       0.000000000
    8360.000000000       0.000000000       0.000000000
    8370.000000000       0.000000000       0.000000000
    8380.000000000       0.000000000       0.000000000
    8390.000000000       0.000000000       0.000000000
    8400.000000000       0.000000000       0.000000000
    8410.000000000       0.000000000       0.000000000
    8420.000000000       0.000000000       0.000000000
    8430.000000000       0.000000000       0.000000000
    8440.000000000       0.000000000       0.000000000
    8450.000000000       0.000000000       0.000000000
    8460.000000000       0.000000000       0.000000000
    8470.000000000       0.000000000       0.000000000
    8480.000000000       0.000000000       0.000000000
    8490.000000000       0.000000000       0.000000000
    8500.000000000       0.000000000       0.000000000
    8510.000000000       0.000000000       0.000000000
    8520.000000000       0.000000000       0.000000000
    8530.000000000       0.000000000       0.000000000
    8540.000000000       0.000000000       0.000000000
    8550.000000000       0.000000000       0.000000000
    8560.000000000       0.000000000       0.000000000
    8570.000000000       0.000000000       0.000000000
    8580.000000000       0.000000000       0.000000000
    8590.000000000       0.000000000       0.000000000
    8600.000000000       0.000000000       0.000000000
    8610.000000000       0.000000000       0.000000000
    8620.000000000       0.000000000       0.000000000
    8630.000000000       0.000000000       0.000000000
    8640.000000000       0.000000000       0.000000000
    8650.000000000       0.000000000       0.000000000
    8660.000000000       0.000000000       0.000000000
    8670.000000000       0.000000000       0.000000000
    8680.000000000       0.000000000       0.000000000
    8690.000000000       0.000000000       0.000000000
    8700.000000000       0.000000000       0.000000000
    8710.000000000       0.000000000       0.000000000
    8720.000000000       0.000000000       0.000000000
    8730.000000000       0.000000000       0.000000000
    8740.000000000       0.000000000       0.000000000
    8750.000000000       0.000000000       0.000000000
    8760.000000000       0.000000000       0.000000000
    8770.000000000       0.000000000       0.000000000
    8780.000000000       0.000000000       0.000000000
    8790.000000000       0.000000000       0.000000000
    8800.000000000       0.000000000       0.000000000
    8810.000000000       0.000000000       0.000000000
    8820.000000000       0.000000000       0.000000000
    8830.000000000       0.000000000       0.000000000
    8840.000000000       0.000000000       0.000000000
    8850.000000000       0.000000000       0.000000000
    8860.000000000       0.000000000       0.000000000
    8870.000000000       0.000000000       0.000000000
    8880.000000000       0.000000000       0.000000000
    8890.000000000       0.000000000       0.000000000
    8900.000000000       0.000000000       0.000000000
    8910.000000000       0.000000001       0.000000001
    8920.000000000       0.000000001       0.000000001
    8930.000000000       0.000000001       0.000000001
    8940.000000000       0.000000001       0.000000001
    8950.000000000       0.000000001       0.000000001
    8960.000000000       0.000000001       0.000000001
    8970.000000000       0.000000001       0.000000001
    8980.000000000       0.000000002       0.000000002
    8990.000000000       0.000000002       0.000000002
    9000.000000000       0.000000002       0.000000002
    9010.000000000       0.000000002       0.000000002
    9020.000000000       0.000000003       0.000000003
    9030.000000000       0.000000003       0.000000003
    9040.000000000       0.000000004       0.000000004
    9050.000000000       0.000000004       0.000000004
    9060.000000000       0.000000005       0.000000005
    9070.000000000       0.000000005       0.000000005
    9080.000000000       0.000000006       0.000000006
    9090.000000000       0.000000007       0.000000007
    9100.000000000       0.000000008       0.000000008
    9110.000000000       0.000000009       0.000000009
    9120.000000000       0.000000010       0.000000010
    9130.000000000       0.000000011       0.000000011
    9140.000000000       0.000000013       0.000000013
    9150.000000000       0.000000014       0.000000014
    9160.000000000       0.000000016       0.000000016
    9170.000000000       0.000000018       0.000000018
    9180.000000000       0.000000020       0.000000020
    9190.000000000       0.000000022       0.000000022
    9200.000000000       0.000000025       0.000000025
    9210.000000000       0.000000028       0.000000028
    9220.000000000       0.000000031       0.000000031
    9230.000000000       0.000000034       0.000000034
    9240.000000000       0.000000038       0.000000038
    9250.000000000       0.000000042       0.000000042
    9260.000000000       0.000000047       0.000000047
    9270.000000000       0.000000052       0.000000052
    9280.000000000       0.000000058       0.000000058
    9290.000000000       0.000000064       0.000000064
    9300.000000000       0.000000070       0.000000070
    9310.000000000       0.000000077       0.000000077
    9320.000000000       0.000000085       0.000000085
    9330.000000000       0.000000093       0.000000093
    9340.000000000       0.000000102       0.000000102
    9350.000000000       0.000000112       0.000000112
    9360.000000000       0.000000122       0.000000122
    9370.000000000       0.000000133       0.000000133
    9380.000000000       0.000000146       0.000000146
    9390.000000000       0.000000159       0.000000159
    9400.000000000       0.000000173       0.000000173
    9410.000000000       0.000000188       0.000000188
    9420.000000000       0.000000204       0.000000204
    9430.000000000       0.000000222       0.000000222
    9440.000000000       0.000000241       0.000000241
    9450.000000000       0.000000261       0.000000261
    9460.000000000       0.000000282       0.000000282
    9470.000000000       0.000000305       0.000000305
    9480.000000000       0.000000330       0.000000330
    9490.000000000       0.000000356       0.000000356
    9500.000000000       0.000000383       0.000000383
    9510.000000000       0.000000413       0.000000413
    9520.000000000       0.000000445       0.000000445
    9530.000000000       0.000000478       0.000000478
    9540.000000000       0.000000514       0.000000514
    9550.000000000       0.000000552       0.000000552
    9560.000000000       0.000000592       0.000000592
    9570.000000000       0.000000635       0.000000635
    9580.000000000       0.000000680       0.000000680
    9590.000000000       0.000000728       0.000000728
    9600.000000000       0.000000778       0.000000778
    9610.000000000       0.000000832       0.000000832
    9620.000000000       0.000000889       0.000000889
    9630.000000000       0.000000949       0.000000949
    9640.000000000       0.000001013       0.000001013
    9650.000000000       0.000001080       0.000001080
    9660.000000000       0.000001151       0.000001151
    9670.000000000       0.000001227       0.000001227
    9680.000000000       0.000001306       0.000001306
    9690.000000000       0.000001390       0.000001390
    9700.000000000       0.000001478       0.000001478
    9710.000000000       0.000001571       0.000001571
    9720.000000000       0.000001670       0.000001670
    9730.000000000       0.000001774       0.000001774
    9740.000000000       0.000001883       0.000001883
    9750.000000000       0.000001998       0.000001998
    9760.000000000       0.000002120       0.000002120
    9770.000000000       0.000002248       0.000002248
    9780.000000000       0.000002383       0.000002383
    9790.000000000       0.000002526       0.000002526
    9800.000000000       0.000002676       0.000002676
    9810.000000000       0.000002834       0.000002834
    9820.000000000       0.000003000       0.000003000
    9830.000000000       0.000003176       0.000003176
    9840.000000000       0.000003360       0.000003360
    9850.000000000       0.000003554       0.000003554
    9860.000000000       0.000003759       0.000003759
    9870.000000000       0.000003974       0.000003974
    9880.000000000       0.000004201       0.000004201
    9890.000000000       0.000004440       0.000004440
    9900.000000000       0.000004691       0.000004691
    9910.000000000       0.000004955       0.000004955
    9920.000000000       0.000005233       0.000005233
    9930.000000000       0.000005526       0.000005526
    9940.000000000       0.000005834       0.000005834
    9950.000000000       0.000006159       0.000006159
    9960.000000000       0.000006500       0.000006500
    9970.000000000       0.000006859       0.000006859
    9980.000000000       0.000007236       0.000007236
    9990.000000000       0.000007633       0.000007633
   10000.000000000       0.000008051       0.000008051
   10010.000000000       0.000008491       0.000008491
   10020.000000000       0.000008954       0.000008954
   10030.000000000       0.000009440       0.000009440
   10040.000000000       0.000009952       0.000009952
   10050.000000000       0.000010491       0.000010491
   10060.000000000       0.000011057       0.000011057
   10070.000000000       0.000011653       0.000011653
   10080.000000000       0.000012280       0.000012280
   10090.000000000       0.000012939       0.000012939
   10100.000000000       0.000013632       0.000013632
   10110.000000000       0.000014362       0.000014362
   10120.000000000       0.000015129       0.000015129
   10130.000000000       0.000015936       0.000015936
   10140.000000000       0.000016785       0.000016785
   10150.000000000       0.000017678       0.000017678
   10160.000000000       0.000018617       0.000018617
   10170.000000000       0.000019605       0.000019605
   10180.000000000       0.000020644       0.000020644
   10190.000000000       0.000021736       0.000021736
   10200.000000000       0.000022886       0.000022886
   10210.000000000       0.000024095       0.000024095
   10220.000000000       0.000025366       0.000025366
   10230.000000000       0.000026704       0.000026704
   10240.000000000       0.000028110       0.000028110
   10250.000000000       0.000029590       0.000029590
   10260.000000000       0.000031146       0.000031146
   10270.000000000       0.000032783       0.000032783
   10280.000000000       0.000034505       0.000034505
   10290.000000000       0.000036316       0.000036316
   10300.000000000       0.000038221       0.000038221
   10310.000000000       0.000040225       0.000040225
   10320.000000000       0.000042333       0.000042333
   10330.000000000       0.000044550       0.000044550
   10340.000000000       0.000046882       0.000046882
   10350.000000000       0.000049336       0.000049336
   10360.000000000       0.000051916       0.000051916
   10370.000000000       0.000054631       0.000054631
   10380.000000000       0.000057487       0.000057487
   10390.000000000       0.000060492       0.000060492
   10400.000000000       0.000063653       0.000063653
   10410.000000000       0.000066978       0.000066978
   10420.000000000       0.000070478       0.000070478
   10430.000000000       0.000074159       0.000074159
   10440.000000000       0.000078034       0.000078034
   10450.000000000       0.000082110       0.000082110
   10460.000000000       0.000086401       0.000086401
   10470.000000000       0.000090916       0.000090916
   10480.000000000       0.000095668       0.000095668
   10490.000000000       0.000100670       0.000100670
   10500.000000000       0.000105935       0.000105935
   10510.000000000       0.000111478       0.000111478
   10520.000000000       0.000117314       0.000117314
   10530.000000000       0.000123458       0.000123458
   10540.000000000       0.000129928       0.000129928
   10550.000000000       0.000136742       0.000136742
   10560.000000000       0.000143918       0.000143918
   10570.000000000       0.000151476       0.000151476
   10580.000000000       0.000159438       0.000159438
   10590.000000000       0.000167827       0.000167827
   10600.000000000       0.000176665       0.000176665
   10610.000000000       0.000185978       0.000185978
   10620.000000000       0.000195792       0.000195792
   10630.000000000       0.000206136       0.000206136
   10640.000000000       0.000217039       0.000217039
   10650.000000000       0.000228532       0.000228532
   10660.000000000       0.000240650       0.000240650
   10670.000000000       0.000253426       0.000253426
   10680.000000000       0.000266898       0.000266898
   10690.000000000       0.000281106       0.000281106
   10700.000000000       0.000296090       0.000296090
   10710.000000000       0.000311894       0.000311894
   10720.000000000       0.000328565       0.000328565
   10730.000000000       0.000346151       0.000346151
   10740.000000000       0.000364704       0.000364704
   10750.000000000       0.000384278       0.000384278
   10760.000000000       0.000404930       0.000404930
   10770.000000000       0.000426722       0.000426722
   10780.000000000       0.000449715       0.000449715
   10790.000000000       0.000473977       0.000473977
   10800.000000000       0.000499580       0.000499580
   10810.000000000       0.000526596       0.000526596
   10820.000000000       0.000555105       0.000555105
   10830.000000000       0.000585188       0.000585188
   10840.000000000       0.000616932       0.000616932
   10850.000000000       0.000650429       0.000650429
   10860.000000000       0.000685772       0.000685772
   10870.000000000       0.000723063       0.000723063
   10880.000000000       0.000762408       0.000762408
   10890.000000000       0.000803916       0.000803916
   10900.000000000       0.000847703       0.000847703
   10910.000000000       0.000893893       0.000893893
   10920.000000000       0.000942611       0.000942611
   10930.000000000       0.000993992       0.000993992
   10940.000000000       0.001048176       0.001048176
   10950.000000000       0.001105310       0.001105310
   10960.000000000       0.001165548       0.001165548
   10970.000000000       0.001229050       0.001229050
   10980.000000000       0.001295986       0.001295986
   10990.000000000       0.001366531       0.001366531
   11000.000000000       0.001440870       0.001440870
   11010.000000000       0.001519196       0.001519196
   11020.000000000       0.001601710       0.001601710
   11030.000000000       0.001688624       0.001688624
   11040.000000000       0.001780155       0.001780155
   11050.000000000       0.001876536       0.001876536
   11060.000000000       0.001978006       0.001978006
   11070.000000000       0.002084814       0.002084814
   11080.000000000       0.002197223       0.002197223
   11090.000000000       0.002315505       0.002315505
   11100.000000000       0.002439945       0.002439945
   11110.000000000       0.002570838       0.002570838
   11120.000000000       0.002708494       0.002708494
   11130.000000000       0.002853234       0.002853234
   11140.000000000       0.003005393       0.003005393
   11150.000000000       0.003165320       0.003165320
   11160.000000000       0.003333379       0.003333379
   11170.000000000       0.003509947       0.003509947
   11180.000000000       0.003695416       0.003695416
   11190.000000000       0.003890195       0.003890195
   11200.000000000       0.004094708       0.004094708
   11210.000000000       0.004309397       0.004309397
   11220.000000000       0.004534717       0.004534717
   11230.000000000       0.004771145       0.004771145
   11240.000000000       0.005019173       0.005019173
   11250.000000000       0.005279311       0.005279311
   11260.000000000       0.005552089       0.005552089
   11270.000000000       0.005838056       0.005838056
   11280.000000000       0.006137779       0.006137779
   11290.000000000       0.006451847       0.006451847
   11300.000000000       0.006780867       0.006780867
   11310.000000000       0.007125468       0.007125468
   11320.000000000       0.007486301       0.007486301
   11330.000000000       0.007864036       0.007864036
   11340.000000000       0.008259368       0.008259368
   11350.000000000       0.008673012       0.008673012
   11360.000000000       0.009105706       0.009105706
   11370.000000000       0.009558212       0.009558212
   11380.000000000       0.010031314       0.010031314
   11390.000000000       0.010525820       0.010525820
   11400.000000000       0.011042563       0.011042563
   11410.000000000       0.011582399       0.011582399
   11420.000000000       0.012146208       0.012146208
   11430.000000000       0.012734896       0.012734896
   11440.000000000       0.013349394       0.013349394
   11450.000000000       0.013990658       0.013990658
   11460.000000000       0.014659668       0.014659668
   11470.000000000       0.015357433       0.015357433
   11480.000000000       0.016084983       0.016084983
   11490.000000000       0.016843379       0.016843379
   11500.000000000       0.017633704       0.017633704
   11510.000000000       0.018457070       0.018457070
   11520.000000000       0.019314613       0.019314613
   11530.000000000       0.020207495       0.020207495
   11540.000000000       0.021136908       0.021136908
   11550.000000000       0.022104064       0.022104064
   11560.000000000       0.023110206       0.023110206
   11570.000000000       0.024156600       0.024156600
   11580.000000000       0.025244540       0.025244540
   11590.000000000       0.026375343       0.026375343
   11600.000000000       0.027550352       0.027550352
   11610.000000000       0.028770935       0.028770935
   11620.000000000       0.030038483       0.030038483
   11630.000000000       0.031354414       0.031354414
   11640.000000000       0.032720166       0.032720166
   11650.000000000       0.034137201       0.034137201
   11660.000000000       0.035607004       0.035607004
   11670.000000000       0.037131080       0.037131080
   11680.000000000       0.038710954       0.038710954
   11690.000000000       0.040348174       0.040348174
   11700.000000000       0.042044302       0.042044302
   11710.000000000       0.043800923       0.043800923
   11720.000000000       0.045619635       0.045619635
   11730.000000000       0.047502053       0.047502053
   11740.000000000       0.049449806       0.049449806
   11750.000000000       0.051464537       0.051464537
   11760.000000000       0.053547900       0.053547900
   11770.000000000       0.055701560       0.055701560
   11780.000000000       0.057927190       0.057927190
   11790.000000000       0.060226471       0.060226471
   11800.000000000       0.062601091       0.062601091
   11810.000000000       0.065052740       0.065052740
   11820.000000000       0.067583112       0.067583112
   11830.000000000       0.070193900       0.070193900
   11840.000000000       0.072886798       0.072886798
   11850.000000000       0.075663494       0.075663494
   11860.000000000       0.078525672       0.078525672
   11870.000000000       0.081475009       0.081475009
   11880.000000000       0.084513173       0.084513173
   11890.000000000       0.087641819       0.087641819
   11900.000000000       0.090862589       0.090862589
   11910.000000000       0.094177107       0.094177107
   11920.000000000       0.097586982       0.097586982
   11930.000000000       0.101093797       0.101093797
   11940.000000000       0.104699116       0.104699116
   11950.000000000       0.108404474       0.108404474
   11960.000000000       0.112211377       0.112211377
   11970.000000000       0.116121301       0.116121301
   11980.000000000       0.120135686       0.120135686
   11990.000000000       0.124255936       0.124255936
   12000.000000000       0.128483414       0.128483414
   12010.000000000       0.132819441       0.132819441
   12020.000000000       0.137265291       0.137265291
   12030.000000000       0.141822189       0.141822189
   12040.000000000       0.146491310       0.146491310
   12050.000000000       0.151273770       0.151273770
   12060.000000000       0.156170631       0.156170631
   12070.000000000       0.161182891       0.161182891
   12080.000000000       0.166311483       0.166311483
   12090.000000000       0.171557274       0.171557274
   12100.000000000       0.176921060       0.176921060
   12110.000000000       0.182403562       0.182403562
   12120.000000000       0.188005425       0.188005425
   12130.000000000       0.193727212       0.193727212
   12140.000000000       0.199569404       0.199569404
   12150.000000000       0.205532395       0.205532395
   12160.000000000       0.211616490       0.211616490
   12170.000000000       0.217821902       0.217821902
   12180.000000000       0.224148746       0.224148746
   12190.000000000       0.230597041       0.230597041
   12200.000000000       0.237166705       0.237166705
   12210.000000000       0.243857550       0.243857550
   12220.000000000       0.250669283       0.250669283
   12230.000000000       0.257601502       0.257601502
   12240.000000000       0.264653691       0.264653691
   12250.000000000       0.271825223       0.271825223
   12260.000000000       0.279115351       0.279115351
   12270.000000000       0.286523212       0.286523212
   12280.000000000       0.294047819       0.294047819
   12290.000000000       0.301688066       0.301688066
   12300.000000000       0.309442717       0.309442717
   12310.000000000       0.317310413       0.317310413
   12320.000000000       0.325289664       0.325289664
   12330.000000000       0.333378852       0.333378852
   12340.000000000       0.341576226       0.341576226
   12350.000000000       0.349879902       0.349879902
   12360.000000000       0.358287863       0.358287863
   12370.000000000       0.366797956       0.366797956
   12380.000000000       0.375407892       0.375407892
   12390.000000000       0.384115248       0.384115248
   12400.000000000       0.392917461       0.392917461
   12410.000000000       0.401811833       0.401811833
   12420.000000000       0.410795529       0.410795529
   12430.000000000       0.419865574       0.419865574
   12440.000000000       0.429018859       0.429018859
   12450.000000000       0.438252138       0.438252138
   12460.000000000       0.447562029       0.447562029
   12470.000000000       0.456945016       0.456945016
   12480.000000000       0.466397449       0.466397449
   12490.000000000       0.475915547       0.475915547
   12500.000000000       0.485495395       0.485495395
   12510.000000000       0.495132955       0.495132955
   12520.000000000       0.504824056       0.504824056
   12530.000000000       0.514564408       0.514564408
   12540.000000000       0.524349595       0.524349595
   12550.000000000       0.534175084       0.534175084
   12560.000000000       0.544036225       0.544036225
   12570.000000000       0.553928254       0.553928254
   12580.000000000       0.563846298       0.563846298
   12590.000000000       0.573785377       0.573785377
   12600.000000000       0.583740408       0.583740408
   12610.000000000       0.593706209       0.593706209
   12620.000000000       0.603677504       0.603677504
   12630.000000000       0.613648927       0.613648927
   12640.000000000       0.623615025       0.623615025
   12650.000000000       0.633570265       0.633570265
   12660.000000000       0.643509037       0.643509037
   12670.000000000       0.653425662       0.653425662
   12680.000000000       0.663314391       0.663314391
   12690.000000000       0.673169419       0.673169419
   12700.000000000       0.682984884       0.682984884
   12710.000000000       0.692754875       0.692754875
   12720.000000000       0.702473440       0.702473440
   12730.000000000       0.712134588       0.712134588
   12740.000000000       0.721732297       0.721732297
   12750.000000000       0.731260523       0.731260523
   12760.000000000       0.740713201       0.740713201
   12770.000000000       0.750084258       0.750084258
   12780.000000000       0.759367613       0.759367613
   12790.000000000       0.768557190       0.768557190
   12800.000000000       0.777646919       0.777646919
   12810.000000000       0.786630750       0.786630750
   12820.000000000       0.795502652       0.795502652
   12830.000000000       0.804256626       0.804256626
   12840.000000000       0.812886709       0.812886709
   12850.000000000       0.821386983       0.821386983
   12860.000000000       0.829751582       0.829751582
   12870.000000000       0.837974696       0.837974696
   12880.000000000       0.846050581       0.846050581
   12890.000000000       0.853973569       0.853973569
   12900.000000000       0.861738066       0.861738066
   12910.000000000       0.869338570       0.869338570
   12920.000000000       0.876769668       0.876769668
   12930.000000000       0.884026051       0.884026051
   12940.000000000       0.891102516       0.891102516
   12950.000000000       0.897993973       0.897993973
   12960.000000000       0.904695454       0.904695454
   12970.000000000       0.911202117       0.911202117
   12980.000000000       0.917509255       0.917509255
   12990.000000000       0.923612301       0.923612301
   13000.000000000       0.929506831       0.929506831
   13010.000000000       0.935188576       0.935188576
   13020.000000000       0.940653423       0.940653423
   13030.000000000       0.945897424       0.945897424
   13040.000000000       0.950916799       0.950916799
   13050.000000000       0.955707940       0.955707940
   13060.000000000       0.960267423       0.960267423
   13070.000000000       0.964592002       0.964592002
   13080.000000000       0.968678625       0.968678625
   13090.000000000       0.972524430       0.972524430
   13100.000000000       0.976126753       0.976126753
   13110.000000000       0.979483132       0.979483132
   13120.000000000       0.982591307       0.982591307
   13130.000000000       0.985449230       0.985449230
   13140.000000000       0.988055062       0.988055062
   13150.000000000       0.990407179       0.990407179
   13160.000000000       0.992504173       0.992504173
   13170.000000000       0.994344857       0.994344857
   13180.000000000       0.995928263       0.995928263
   13190.000000000       0.997253649       0.997253649
   13200.000000000       0.998320494       0.998320494
   13210.000000000       0.999128505       0.999128505
   13220.000000000       0.999677615       0.999677615
   13230.000000000       0.999967984       0.999967984
   13240.000000000       1.000000000       1.000000000
   13250.000000000       0.999774278       0.999774278
   13260.000000000       0.999291660       0.999291660
   13270.000000000       0.998553215       0.998553215
   13280.000000000       0.997560238       0.997560238
   13290.000000000       0.996314248       0.996314248
   13300.000000000       0.994816987       0.994816987
   13310.000000000       0.993070420       0.993070420
   13320.000000000       0.991076729       0.991076729
   13330.000000000       0.988838315       0.988838315
   13340.000000000       0.986357793       0.986357793
   13350.000000000       0.983637989       0.983637989
   13360.000000000       0.980681940       0.980681940
   13370.000000000       0.977492884       0.977492884
   13380.000000000       0.974074266       0.974074266
   13390.000000000       0.970429725       0.970429725
   13400.000000000       0.966563095       0.966563095
   13410.000000000       0.962478401       0.962478401
   13420.000000000       0.958179851       0.958179851
   13430.000000000       0.953671834       0.953671834
   13440.000000000       0.948958916       0.948958916
   13450.000000000       0.944045830       0.944045830
   13460.000000000       0.938937477       0.938937477
   13470.000000000       0.933638916       0.933638916
   13480.000000000       0.928155362       0.928155362
   13490.000000000       0.922492175       0.922492175
   13500.000000000       0.916654859       0.916654859
   13510.000000000       0.910649055       0.910649055
   13520.000000000       0.904480532       0.904480532
   13530.000000000       0.898155184       0.898155184
   13540.000000000       0.891679020       0.891679020
   13550.000000000       0.885058163       0.885058163
   13560.000000000       0.878298837       0.878298837
   13570.000000000       0.871407365       0.871407365
   13580.000000000       0.864390160       0.864390160
   13590.000000000       0.857253718       0.857253718
   13600.000000000       0.850004611       0.850004611
   13610.000000000       0.842649485       0.842649485
   13620.000000000       0.835195043       0.835195043
   13630.000000000       0.827648047       0.827648047
   13640.000000000       0.820015308       0.820015308
   13650.000000000       0.812303678       0.812303678
   13660.000000000       0.804520043       0.804520043
   13670.000000000       0.796671317       0.796671317
   13680.000000000       0.788764436       0.788764436
   13690.000000000       0.780806348       0.780806348
   13700.000000000       0.772804008       0.772804008
   13710.000000000       0.764764371       0.764764371
   13720.000000000       0.756694386       0.756694386
   13730.000000000       0.748600987       0.748600987
   13740.000000000       0.740491088       0.740491088
   13750.000000000       0.732371576       0.732371576
   13760.000000000       0.724249303       0.724249303
   13770.000000000       0.716131084       0.716131084
   13780.000000000       0.708023685       0.708023685
   13790.000000000       0.699933821       0.699933821
   13800.000000000       0.691868146       0.691868146
   13810.000000000       0.683833251       0.683833251
   13820.000000000       0.675835656       0.675835656
   13830.000000000       0.667881805       0.667881805
   13840.000000000       0.659978059       0.659978059
   13850.000000000       0.652130693       0.652130693
   13860.000000000       0.644345888       0.644345888
   13870.000000000       0.636629726       0.636629726
   13880.000000000       0.628988189       0.628988189
   13890.000000000       0.621427148       0.621427148
   13900.000000000       0.613952362       0.613952362
   13910.000000000       0.606569475       0.606569475
   13920.000000000       0.599284005       0.599284005
   13930.000000000       0.592101347       0.592101347
   13940.000000000       0.585026765       0.585026765
   13950.000000000       0.578065389       0.578065389
   13960.000000000       0.571222210       0.571222210
   13970.000000000       0.564502079       0.564502079
   13980.000000000       0.557909699       0.557909699
   13990.000000000       0.551449627       0.551449627
   14000.000000000       0.545126267       0.545126267
   14010.000000000       0.538943868       0.538943868
   14020.000000000       0.532906521       0.532906521
   14030.000000000       0.527018159       0.527018159
   14040.000000000       0.521282548       0.521282548
   14050.000000000       0.515703291       0.515703291
   14060.000000000       0.510283823       0.510283823
   14070.000000000       0.505027409       0.505027409
   14080.000000000       0.499937142       0.499937142
   14090.000000000       0.495015941       0.495015941
   14100.000000000       0.490266551       0.490266551
   14110.000000000       0.485691540       0.485691540
   14120.000000000       0.481293298       0.481293298
   14130.000000000       0.477074035       0.477074035
   14140.000000000       0.473035783       0.473035783
   14150.000000000       0.469180392       0.469180392
   14160.000000000       0.465509529       0.465509529
   14170.000000000       0.462024682       0.462024682
   14180.000000000       0.458727155       0.458727155
   14190.000000000       0.455618070       0.455618070
   14200.000000000       0.452698364       0.452698364
   14210.000000000       0.449968795       0.449968795
   14220.000000000       0.447429937       0.447429937
   14230.000000000       0.445082182       0.445082182
   14240.000000000       0.442925740       0.442925740
   14250.000000000       0.440960641       0.440960641
   14260.000000000       0.439186736       0.439186736
   14270.000000000       0.437603694       0.437603694
   14280.000000000       0.436211010       0.436211010
   14290.000000000       0.435007999       0.435007999
   14300.000000000       0.433993801       0.433993801
   14310.000000000       0.433167384       0.433167384
   14320.000000000       0.432527540       0.432527540
   14330.000000000       0.432072895       0.432072895
   14340.000000000       0.431801901       0.431801901
   14350.000000000       0.431712846       0.431712846
   14360.000000000       0.431803853       0.431803853
   14370.000000000       0.432072880       0.432072880
   14380.000000000       0.432517728       0.432517728
   14390.000000000       0.433136038       0.433136038
   14400.000000000       0.433925295       0.433925295
   14410.000000000       0.434882832       0.434882832
   14420.000000000       0.436005833       0.436005833
   14430.000000000       0.437291333       0.437291333
   14440.000000000       0.438736225       0.438736225
   14450.000000000       0.440337259       0.440337259
   14460.000000000       0.442091051       0.442091051
   14470.000000000       0.443994079       0.443994079
   14480.000000000       0.446042692       0.446042692
   14490.000000000       0.448233113       0.448233113
   14500.000000000       0.450561441       0.450561441
   14510.000000000       0.453023654       0.453023654
   14520.000000000       0.455615617       0.455615617
   14530.000000000       0.458333081       0.458333081
   14540.000000000       0.461171694       0.461171694
   14550.000000000       0.464126995       0.464126995
   14560.000000000       0.467194430       0.467194430
   14570.000000000       0.470369345       0.470369345
   14580.000000000       0.473647002       0.473647002
   14590.000000000       0.477022573       0.477022573
   14600.000000000       0.480491153       0.480491153
   14610.000000000       0.484047757       0.484047757
   14620.000000000       0.487687334       0.487687334
   14630.000000000       0.491404762       0.491404762
   14640.000000000       0.495194860       0.495194860
   14650.000000000       0.499052393       0.499052393
   14660.000000000       0.502972069       0.502972069
   14670.000000000       0.506948556       0.506948556
   14680.000000000       0.510976478       0.510976478
   14690.000000000       0.515050423       0.515050423
   14700.000000000       0.519164950       0.519164950
   14710.000000000       0.523314592       0.523314592
   14720.000000000       0.527493862       0.527493862
   14730.000000000       0.531697260       0.531697260
   14740.000000000       0.535919276       0.535919276
   14750.000000000       0.540154395       0.540154395
   14760.000000000       0.544397106       0.544397106
   14770.000000000       0.548641905       0.548641905
   14780.000000000       0.552883299       0.552883299
   14790.000000000       0.557115814       0.557115814
   14800.000000000       0.561334000       0.561334000
   14810.000000000       0.565532435       0.565532435
   14820.000000000       0.569705733       0.569705733
   14830.000000000       0.573848544       0.573848544
   14840.000000000       0.577955567       0.577955567
   14850.000000000       0.582021548       0.582021548
   14860.000000000       0.586041291       0.586041291
   14870.000000000       0.590009657       0.590009657
   14880.000000000       0.593921576       0.593921576
   14890.000000000       0.597772046       0.597772046
   14900.000000000       0.601556143       0.601556143
   14910.000000000       0.605269021       0.605269021
   14920.000000000       0.608905921       0.608905921
   14930.000000000       0.612462171       0.612462171
   14940.000000000       0.615933196       0.615933196
   14950.000000000       0.619314519       0.619314519
   14960.000000000       0.622601766       0.622601766
   14970.000000000       0.625790670       0.625790670
   14980.000000000       0.628877076       0.628877076
   14990.000000000       0.631856943       0.631856943
   15000.000000000       0.634726351       0.634726351
   15010.000000000       0.637481502       0.637481502
   15020.000000000       0.640118725       0.640118725
   15030.000000000       0.642634477       0.642634477
   15040.000000000       0.645025351       0.645025351
   15050.000000000       0.647288073       0.647288073
   15060.000000000       0.649419511       0.649419511
   15070.000000000       0.651416673       0.651416673
   15080.000000000       0.653276711       0.653276711
   15090.000000000       0.654996924       0.654996924
   15100.000000000       0.656574761       0.656574761
   15110.000000000       0.658007820       0.658007820
   15120.000000000       0.659293854       0.659293854
   15130.000000000       0.660430768       0.660430768
   15140.000000000       0.661416623       0.661416623
   15150.000000000       0.662249640       0.662249640
   15160.000000000       0.662928195       0.662928195
   15170.000000000       0.663450822       0.663450822
   15180.000000000       0.663816218       0.663816218
   15190.000000000       0.664023238       0.664023238
   15200.000000000       0.664070897       0.664070897
   15210.000000000       0.663958371       0.663958371
   15220.000000000       0.663684994       0.663684994
   15230.000000000       0.663250264       0.663250264
   15240.000000000       0.662653834       0.662653834
   15250.000000000       0.661895517       0.661895517
   15260.000000000       0.660975285       0.660975285
   15270.000000000       0.659893263       0.659893263
   15280.000000000       0.658649735       0.658649735
   15290.000000000       0.657245135       0.657245135
   15300.000000000       0.655680051       0.655680051
   15310.000000000       0.653955220       0.653955220
   15320.000000000       0.652071529       0.652071529
   15330.000000000       0.650030007       0.650030007
   15340.000000000       0.647831829       0.647831829
   15350.000000000       0.645478310       0.645478310
   15360.000000000       0.642970904       0.642970904
   15370.000000000       0.640311198       0.640311198
   15380.000000000       0.637500914       0.637500914
   15390.000000000       0.634541900       0.634541900
   15400.000000000       0.631436133       0.631436133
   15410.000000000       0.628185708       0.628185708
   15420.000000000       0.624792843       0.624792843
   15430.000000000       0.621259868       0.621259868
   15440.000000000       0.617589226       0.617589226
   15450.000000000       0.613783467       0.613783467
   15460.000000000       0.609845244       0.609845244
   15470.000000000       0.605777308       0.605777308
   15480.000000000       0.601582508       0.601582508
   15490.000000000       0.597263781       0.597263781
   15500.000000000       0.592824152       0.592824152
   15510.000000000       0.588266727       0.588266727
   15520.000000000       0.583594692       0.583594692
   15530.000000000       0.578811304       0.578811304
   15540.000000000       0.573919889       0.573919889
   15550.000000000       0.568923837       0.568923837
   15560.000000000       0.563826598       0.563826598
   15570.000000000       0.558631677       0.558631677
   15580.000000000       0.553342628       0.553342628
   15590.000000000       0.547963052       0.547963052
   15600.000000000       0.542496591       0.542496591
   15610.000000000       0.536946922       0.536946922
   15620.000000000       0.531317755       0.531317755
   15630.000000000       0.525612827       0.525612827
   15640.000000000       0.519835897       0.519835897
   15650.000000000       0.513990742       0.513990742
   15660.000000000       0.508081154       0.508081154
   15670.000000000       0.502110934       0.502110934
   15680.000000000       0.496083886       0.496083886
   15690.000000000       0.490003816       0.490003816
   15700.000000000       0.483874526       0.483874526
   15710.000000000       0.477699812       0.477699812
   15720.000000000       0.471483454       0.471483454
   15730.000000000       0.465229221       0.465229221
   15740.000000000       0.458940858       0.458940858
   15750.000000000       0.452622088       0.452622088
   15760.000000000       0.446276609       0.446276609
   15770.000000000       0.439908083       0.439908083
   15780.000000000       0.433520141       0.433520141
   15790.000000000       0.427116376       0.427116376
   15800.000000000       0.420700339       0.420700339
   15810.000000000       0.414275537       0.414275537
   15820.000000000       0.407845429       0.407845429
   15830.000000000       0.401413423       0.401413423
   15840.000000000       0.394982876       0.394982876
   15850.000000000       0.388557088       0.388557088
   15860.000000000       0.382139300       0.382139300
   15870.000000000       0.375732693       0.375732693
   15880.000000000       0.369340384       0.369340384
   15890.000000000       0.362965425       0.362965425
   15900.000000000       0.356610801       0.356610801
   15910.000000000       0.350279428       0.350279428
   15920.000000000       0.343974150       0.343974150
   15930.000000000       0.337697737       0.337697737
   15940.000000000       0.331452889       0.331452889
   15950.000000000       0.325242226       0.325242226
   15960.000000000       0.319068294       0.319068294
   15970.000000000       0.312933560       0.312933560
   15980.000000000       0.306840412       0.306840412
   15990.000000000       0.300791158       0.300791158
   16000.000000000       0.294788025       0.294788025
   16010.000000000       0.288833162       0.288833162
   16020.000000000       0.282928631       0.282928631
   16030.000000000       0.277076418       0.277076418
   16040.000000000       0.271278422       0.271278422
   16050.000000000       0.265536462       0.265536462
   16060.000000000       0.259852274       0.259852274
   16070.000000000       0.254227513       0.254227513
   16080.000000000       0.248663749       0.248663749
   16090.000000000       0.243162473       0.243162473
   16100.000000000       0.237725094       0.237725094
   16110.000000000       0.232352940       0.232352940
   16120.000000000       0.227047258       0.227047258
   16130.000000000       0.221809216       0.221809216
   16140.000000000       0.216639905       0.216639905
   16150.000000000       0.211540336       0.211540336
   16160.000000000       0.206511443       0.206511443
   16170.000000000       0.201554086       0.201554086
   16180.000000000       0.196669048       0.196669048
   16190.000000000       0.191857041       0.191857041
   16200.000000000       0.187118702       0.187118702
   16210.000000000       0.182454598       0.182454598
   16220.000000000       0.177865228       0.177865228
   16230.000000000       0.173351021       0.173351021
   16240.000000000       0.168912339       0.168912339
   16250.000000000       0.164549479       0.164549479
   16260.000000000       0.160262675       0.160262675
   16270.000000000       0.156052098       0.156052098
   16280.000000000       0.151917860       0.151917860
   16290.000000000       0.147860013       0.147860013
   16300.000000000       0.143878552       0.143878552
   16310.000000000       0.139973416       0.139973416
   16320.000000000       0.136144493       0.136144493
   16330.000000000       0.132391617       0.132391617
   16340.000000000       0.128714571       0.128714571
   16350.000000000       0.125113093       0.125113093
   16360.000000000       0.121586871       0.121586871
   16370.000000000       0.118135551       0.118135551
   16380.000000000       0.114758735       0.114758735
   16390.000000000       0.111455984       0.111455984
   16400.000000000       0.108226821       0.108226821
   16410.000000000       0.105070729       0.105070729
   16420.000000000       0.101987159       0.101987159
   16430.000000000       0.098975524       0.098975524
   16440.000000000       0.096035209       0.096035209
   16450.000000000       0.093165566       0.093165566
   16460.000000000       0.090365920       0.090365920
   16470.000000000       0.087635567       0.087635567
   16480.000000000       0.084973781       0.084973781
   16490.000000000       0.082379811       0.082379811
   16500.000000000       0.079852882       0.079852882
   16510.000000000       0.077392203       0.077392203
   16520.000000000       0.074996962       0.074996962
   16530.000000000       0.072666328       0.072666328
   16540.000000000       0.070399460       0.070399460
   16550.000000000       0.068195497       0.068195497
   16560.000000000       0.066053568       0.066053568
   16570.000000000       0.063972792       0.063972792
   16580.000000000       0.061952277       0.061952277
   16590.000000000       0.059991121       0.059991121
   16600.000000000       0.058088417       0.058088417
   16610.000000000       0.056243251       0.056243251
   16620.000000000       0.054454705       0.054454705
   16630.000000000       0.052721857       0.052721857
   16640.000000000       0.051043782       0.051043782
   16650.000000000       0.049419554       0.049419554
   16660.000000000       0.047848248       0.047848248
   16670.000000000       0.046328938       0.046328938
   16680.000000000       0.044860700       0.044860700
   16690.000000000       0.043442613       0.043442613
   16700.000000000       0.042073759       0.042073759
   16710.000000000       0.040753225       0.040753225
   16720.000000000       0.039480103       0.039480103
   16730.000000000       0.038253490       0.038253490
   16740.000000000       0.037072490       0.037072490
   16750.000000000       0.035936214       0.035936214
   16760.000000000       0.034843782       0.034843782
   16770.000000000       0.033794319       0.033794319
   16780.000000000       0.032786963       0.032786963
   16790.000000000       0.031820860       0.031820860
   16800.000000000       0.030895163       0.030895163
   16810.000000000       0.030009040       0.030009040
   16820.000000000       0.029161667       0.029161667
   16830.000000000       0.028352231       0.028352231
   16840.000000000       0.027579930       0.027579930
   16850.000000000       0.026843976       0.026843976
   16860.000000000       0.026143589       0.026143589
   16870.000000000       0.025478005       0.025478005
   16880.000000000       0.024846469       0.024846469
   16890.000000000       0.024248240       0.024248240
   16900.000000000       0.023682590       0.023682590
   16910.000000000       0.023148802       0.023148802
   16920.000000000       0.022646171       0.022646171
   16930.000000000       0.022174008       0.022174008
   16940.000000000       0.021731632       0.021731632
   16950.000000000       0.021318379       0.021318379
   16960.000000000       0.020933594       0.020933594
   16970.000000000       0.020576637       0.020576637
   16980.000000000       0.020246878       0.020246878
   16990.000000000       0.019943700       0.019943700
   17000.000000000       0.019666500       0.019666500
   17010.000000000       0.019414683       0.019414683
   17020.000000000       0.019187669       0.019187669
   17030.000000000       0.018984888       0.018984888
   17040.000000000       0.018805781       0.018805781
   17050.000000000       0.018649801       0.018649801
   17060.000000000       0.018516410       0.018516410
   17070.000000000       0.018405083       0.018405083
   17080.000000000       0.018315303       0.018315303
   17090.000000000       0.018246563       0.018246563
   17100.000000000       0.018198368       0.018198368
   17110.000000000       0.018170229       0.018170229
   17120.000000000       0.018161667       0.018161667
   17130.000000000       0.018172214       0.018172214
   17140.000000000       0.018201407       0.018201407
   17150.000000000       0.018248794       0.018248794
   17160.000000000       0.018313927       0.018313927
   17170.000000000       0.018396369       0.018396369
   17180.000000000       0.018495688       0.018495688
   17190.000000000       0.018611459       0.018611459
   17200.000000000       0.018743264       0.018743264
   17210.000000000       0.018890690       0.018890690
   17220.000000000       0.019053329       0.019053329
   17230.000000000       0.019230780       0.019230780
   17240.000000000       0.019422646       0.019422646
   17250.000000000       0.019628536       0.019628536
   17260.000000000       0.019848060       0.019848060
   17270.000000000       0.020080836       0.020080836
   17280.000000000       0.020326482       0.020326482
   17290.000000000       0.020584622       0.020584622
   17300.000000000       0.020854882       0.020854882
   17310.000000000       0.021136892       0.021136892
   17320.000000000       0.021430281       0.021430281
   17330.000000000       0.021734684       0.021734684
   17340.000000000       0.022049736       0.022049736
   17350.000000000       0.022375075       0.022375075
   17360.000000000       0.022710338       0.022710338
   17370.000000000       0.023055166       0.023055166
   17380.000000000       0.023409198       0.023409198
   17390.000000000       0.023772078       0.023772078
   17400.000000000       0.024143446       0.024143446
   17410.000000000       0.024522944       0.024522944
   17420.000000000       0.024910216       0.024910216
   17430.000000000       0.025304905       0.025304905
   17440.000000000       0.025706652       0.025706652
   17450.000000000       0.026115099       0.026115099
   17460.000000000       0.026529890       0.026529890
   17470.000000000       0.026950666       0.026950666
   17480.000000000       0.027377066       0.027377066
   17490.000000000       0.027808733       0.027808733
   17500.000000000       0.028245306       0.028245306
   17510.000000000       0.028686424       0.028686424
   17520.000000000       0.029131726       0.029131726
   17530.000000000       0.029580849       0.029580849
   17540.000000000       0.030033430       0.030033430
   17550.000000000       0.030489106       0.030489106
   17560.000000000       0.030947513       0.030947513
   17570.000000000       0.031408285       0.031408285
   17580.000000000       0.031871058       0.031871058
   17590.000000000       0.032335465       0.032335465
   17600.000000000       0.032801141       0.032801141
   17610.000000000       0.033267718       0.033267718
   17620.000000000       0.033734831       0.033734831
   17630.000000000       0.034202112       0.034202112
   17640.000000000       0.034669195       0.034669195
   17650.000000000       0.035135713       0.035135713
   17660.000000000       0.035601301       0.035601301
   17670.000000000       0.036065593       0.036065593
   17680.000000000       0.036528226       0.036528226
   17690.000000000       0.036988834       0.036988834
   17700.000000000       0.037447057       0.037447057
   17710.000000000       0.037902533       0.037902533
   17720.000000000       0.038354903       0.038354903
   17730.000000000       0.038803809       0.038803809
   17740.000000000       0.039248897       0.039248897
   17750.000000000       0.039689812       0.039689812
   17760.000000000       0.040126206       0.040126206
   17770.000000000       0.040557731       0.040557731
   17780.000000000       0.040984042       0.040984042
   17790.000000000       0.041404798       0.041404798
   17800.000000000       0.041819663       0.041819663
   17810.000000000       0.042228303       0.042228303
   17820.000000000       0.042630389       0.042630389
   17830.000000000       0.043025598       0.043025598
   17840.000000000       0.043413609       0.043413609
   17850.000000000       0.043794108       0.043794108
   17860.000000000       0.044166786       0.044166786
   17870.000000000       0.044531341       0.044531341
   17880.000000000       0.044887474       0.044887474
   17890.000000000       0.045234894       0.045234894
   17900.000000000       0.045573318       0.045573318
   17910.000000000       0.045902468       0.045902468
   17920.000000000       0.046222072       0.046222072
   17930.000000000       0.046531868       0.046531868
   17940.000000000       0.046831601       0.046831601
   17950.000000000       0.047121022       0.047121022
   17960.000000000       0.047399892       0.047399892
   17970.000000000       0.047667980       0.047667980
   17980.000000000       0.047925063       0.047925063
   17990.000000000       0.048170928       0.048170928
   18000.000000000       0.048405371       0.048405371
   18010.000000000       0.048628195       0.048628195
   18020.000000000       0.048839216       0.048839216
   18030.000000000       0.049038257       0.049038257
   18040.000000000       0.049225152       0.049225152
   18050.000000000       0.049399745       0.049399745
   18060.000000000       0.049561890       0.049561890
   18070.000000000       0.049711451       0.049711451
   18080.000000000       0.049848304       0.049848304
   18090.000000000       0.049972334       0.049972334
   18100.000000000       0.050083437       0.050083437
   18110.000000000       0.050181520       0.050181520
   18120.000000000       0.050266502       0.050266502
   18130.000000000       0.050338312       0.050338312
   18140.000000000       0.050396890       0.050396890
   18150.000000000       0.050442186       0.050442186
   18160.000000000       0.050474165       0.050474165
   18170.000000000       0.050492798       0.050492798
   18180.000000000       0.050498071       0.050498071
   18190.000000000       0.050489979       0.050489979
   18200.000000000       0.050468530       0.050468530
   18210.000000000       0.050433742       0.050433742
   18220.000000000       0.050385644       0.050385644
   18230.000000000       0.050324275       0.050324275
   18240.000000000       0.050249687       0.050249687
   18250.000000000       0.050161942       0.050161942
   18260.000000000       0.050061112       0.050061112
   18270.000000000       0.049947279       0.049947279
   18280.000000000       0.049820538       0.049820538
   18290.000000000       0.049680992       0.049680992
   18300.000000000       0.049528755       0.049528755
   18310.000000000       0.049363951       0.049363951
   18320.000000000       0.049186713       0.049186713
   18330.000000000       0.048997184       0.048997184
   18340.000000000       0.048795518       0.048795518
   18350.000000000       0.048581874       0.048581874
   18360.000000000       0.048356425       0.048356425
   18370.000000000       0.048119348       0.048119348
   18380.000000000       0.047870833       0.047870833
   18390.000000000       0.047611074       0.047611074
   18400.000000000       0.047340275       0.047340275
   18410.000000000       0.047058648       0.047058648
   18420.000000000       0.046766411       0.046766411
   18430.000000000       0.046463790       0.046463790
   18440.000000000       0.046151017       0.046151017
   18450.000000000       0.045828331       0.045828331
   18460.000000000       0.045495977       0.045495977
   18470.000000000       0.045154206       0.045154206
   18480.000000000       0.044803273       0.044803273
   18490.000000000       0.044443442       0.044443442
   18500.000000000       0.044074977       0.044074977
   18510.000000000       0.043698149       0.043698149
   18520.000000000       0.043313234       0.043313234
   18530.000000000       0.042920510       0.042920510
   18540.000000000       0.042520259       0.042520259
   18550.000000000       0.042112767       0.042112767
   18560.000000000       0.041698322       0.041698322
   18570.000000000       0.041277215       0.041277215
   18580.000000000       0.040849738       0.040849738
   18590.000000000       0.040416186       0.040416186
   18600.000000000       0.039976856       0.039976856
   18610.000000000       0.039532043       0.039532043
   18620.000000000       0.039082047       0.039082047
   18630.000000000       0.038627165       0.038627165
   18640.000000000       0.038167697       0.038167697
   18650.000000000       0.037703941       0.037703941
   18660.000000000       0.037236194       0.037236194
   18670.000000000       0.036764754       0.036764754
   18680.000000000       0.036289916       0.036289916
   18690.000000000       0.035811976       0.035811976
   18700.000000000       0.035331227       0.035331227
   18710.000000000       0.034847958       0.034847958
   18720.000000000       0.034362460       0.034362460
   18730.000000000       0.033875018       0.033875018
   18740.000000000       0.033385915       0.033385915
   18750.000000000       0.032895433       0.032895433
   18760.000000000       0.032403847       0.032403847
   18770.000000000       0.031911431       0.031911431
   18780.000000000       0.031418456       0.031418456
   18790.000000000       0.030925187       0.030925187
   18800.000000000       0.030431885       0.030431885
   18810.000000000       0.029938807       0.029938807
   18820.000000000       0.029446207       0.029446207
   18830.000000000       0.028954332       0.028954332
   18840.000000000       0.028463424       0.028463424
   18850.000000000       0.027973722       0.027973722
   18860.000000000       0.027485458       0.027485458
   18870.000000000       0.026998859       0.026998859
   18880.000000000       0.026514146       0.026514146
   18890.000000000       0.026031536       0.026031536
   18900.000000000       0.025551238       0.025551238
   18910.000000000       0.025073456       0.025073456
   18920.000000000       0.024598389       0.024598389
   18930.000000000       0.024126229       0.024126229
   18940.000000000       0.023657162       0.023657162
   18950.000000000       0.023191366       0.023191366
   18960.000000000       0.022729017       0.022729017
   18970.000000000       0.022270281       0.022270281
   18980.000000000       0.021815318       0.021815318
   18990.000000000       0.021364283       0.021364283
   19000.000000000       0.020917324       0.020917324
   19010.000000000       0.020474583       0.020474583
   19020.000000000       0.020036195       0.020036195
   19030.000000000       0.019602288       0.019602288
   19040.000000000       0.019172985       0.019172985
   19050.000000000       0.018748402       0.018748402
   19060.000000000       0.018328648       0.018328648
   19070.000000000       0.017913828       0.017913828
   19080.000000000       0.017504036       0.017504036
   19090.000000000       0.017099366       0.017099366
   19100.000000000       0.016699901       0.016699901
   19110.000000000       0.016305720       0.016305720
   19120.000000000       0.015916895       0.015916895
   19130.000000000       0.015533493       0.015533493
   19140.000000000       0.015155576       0.015155576
   19150.000000000       0.014783198       0.014783198
   19160.000000000       0.014416408       0.014416408
   19170.000000000       0.014055250       0.014055250
   19180.000000000       0.013699763       0.013699763
   19190.000000000       0.013349979       0.013349979
   19200.000000000       0.013005927       0.013005927
   19210.000000000       0.012667628       0.012667628
   19220.000000000       0.012335101       0.012335101
   19230.000000000       0.012008358       0.012008358
   19240.000000000       0.011687406       0.011687406
   19250.000000000       0.011372250       0.011372250
   19260.000000000       0.011062887       0.011062887
   19270.000000000       0.010759313       0.010759313
   19280.000000000       0.010461517       0.010461517
   19290.000000000       0.010169485       0.010169485
   19300.000000000       0.009883199       0.009883199
   19310.000000000       0.009602637       0.009602637
   19320.000000000       0.009327774       0.009327774
   19330.000000000       0.009058581       0.009058581
   19340.000000000       0.008795024       0.008795024
   19350.000000000       0.008537068       0.008537068
   19360.000000000       0.008284675       0.008284675
   19370.000000000       0.008037801       0.008037801
   19380.000000000       0.007796402       0.007796402
   19390.000000000       0.007560430       0.007560430
   19400.000000000       0.007329836       0.007329836
   19410.000000000       0.007104565       0.007104565
   19420.000000000       0.006884564       0.006884564
   19430.000000000       0.006669774       0.006669774
   19440.000000000       0.006460137       0.006460137
   19450.000000000       0.006255590       0.006255590
   19460.000000000       0.006056071       0.006056071
   19470.000000000       0.005861515       0.005861515
   19480.000000000       0.005671856       0.005671856
   19490.000000000       0.005487025       0.005487025
   19500.000000000       0.005306953       0.005306953
   19510.000000000       0.005131571       0.005131571
   19520.000000000       0.004960805       0.004960805
   19530.000000000       0.004794584       0.004794584
   19540.000000000       0.004632834       0.004632834
   19550.000000000       0.004475481       0.004475481
   19560.000000000       0.004322450       0.004322450
   19570.000000000       0.004173666       0.004173666
   19580.000000000       0.004029052       0.004029052
   19590.000000000       0.003888532       0.003888532
   19600.000000000       0.003752029       0.003752029
   19610.000000000       0.003619467       0.003619467
   19620.000000000       0.003490769       0.003490769
   19630.000000000       0.003365857       0.003365857
   19640.000000000       0.003244654       0.003244654
   19650.000000000       0.003127083       0.003127083
   19660.000000000       0.003013068       0.003013068
   19670.000000000       0.002902533       0.002902533
   19680.000000000       0.002795400       0.002795400
   19690.000000000       0.002691594       0.002691594
   19700.000000000       0.002591040       0.002591040
   19710.000000000       0.002493663       0.002493663
   19720.000000000       0.002399388       0.002399388
   19730.000000000       0.002308142       0.002308142
   19740.000000000       0.002219852       0.002219852
   19750.000000000       0.002134445       0.002134445
   19760.000000000       0.002051850       0.002051850
   19770.000000000       0.001971996       0.001971996
   19780.000000000       0.001894813       0.001894813
   19790.000000000       0.001820231       0.001820231
   19800.000000000       0.001748183       0.001748183
   19810.000000000       0.001678602       0.001678602
   19820.000000000       0.001611420       0.001611420
   19830.000000000       0.001546572       0.001546572
   19840.000000000       0.001483994       0.001483994
   19850.000000000       0.001423623       0.001423623
   19860.000000000       0.001365396       0.001365396
   19870.000000000       0.001309252       0.001309252
   19880.000000000       0.001255130       0.001255130
   19890.000000000       0.001202972       0.001202972
   19900.000000000       0.001152720       0.001152720
   19910.000000000       0.001104316       0.001104316
   19920.000000000       0.001057705       0.001057705
   19930.000000000       0.001012832       0.001012832
   19940.000000000       0.000969643       0.000969643
   19950.000000000       0.000928086       0.000928086
   19960.000000000       0.000888110       0.000888110
   19970.000000000       0.000849665       0.000849665
   19980.000000000       0.000812700       0.000812700
   19990.000000000       0.000777170       0.000777170
   20000.000000000       0.000743025       0.000743025
