       0.000000000       0.000000196       0.000000196
      10.000000000       0.000000200       0.000000200
      20.000000000       0.000000204       0.000000204
      30.000000000       0.000000207       0.000000207
      40.000000000       0.000000211       0.000000211
      50.000000000       0.000000213       0.000000213
      60.000000000       0.000000215       0.000000215
      70.000000000       0.000000217       0.000000217
      80.000000000       0.000000218       0.000000218
      90.000000000       0.000000219       0.000000219
     100.000000000       0.000000220       0.000000220
     110.000000000       0.000000219       0.000000219
     120.000000000       0.000000219       0.000000219
     130.000000000       0.000000218       0.000000218
     140.000000000       0.000000216       0.000000216
     150.000000000       0.000000214       0.000000214
     160.000000000       0.000000211       0.000000211
     170.000000000       0.000000209       0.000000209
     180.000000000       0.000000205       0.000000205
     190.000000000       0.000000201       0.000000201
     200.000000000       0.000000197       0.000000197
     210.000000000       0.000000193       0.000000193
     220.000000000       0.000000188       0.000000188
     230.000000000       0.000000183       0.000000183
     240.000000000       0.000000178       0.000000178
     250.000000000       0.000000172       0.000000172
     260.000000000       0.000000166       0.000000166
     270.000000000       0.000000161       0.000000161
     280.000000000       0.000000154       0.000000154
     290.000000000       0.000000148       0.000000148
     300.000000000       0.000000142       0.000000142
     310.000000000       0.000000136       0.000000136
     320.000000000       0.000000130       0.000000130
     330.000000000       0.000000123       0.000000123
     340.000000000       0.000000117       0.000000117
     350.000000000       0.000000111       0.000000111
     360.000000000       0.000000105       0.000000105
     370.000000000       0.000000099       0.000000099
     380.000000000       0.000000093       0.000000093
     390.000000000       0.000000088       0.000000088
     400.000000000       0.000000082       0.000000082
     410.000000000       0.000000077       0.000000077
     420.000000000       0.000000072       0.000000072
     430.000000000       0.000000067       0.000000067
     440.000000000       0.000000062       0.000000062
     450.000000000       0.000000058       0.000000058
     460.000000000       0.000000053       0.000000053
     470.000000000       0.000000049       0.000000049
     480.000000000       0.000000045       0.000000045
     490.000000000       0.000000042       0.000000042
     500.000000000       0.000000038       0.000000038
     510.000000000       0.000000035       0.000000035
     520.000000000       0.000000032       0.000000032
     530.000000000       0.000000029       0.000000029
     540.000000000       0.000000027       0.000000027
     550.000000000       0.000000025       0.000000025
     560.000000000       0.000000022       0.000000022
     570.000000000       0.000000020       0.000000020
     580.000000000       0.000000019       0.000000019
     590.000000000       0.000000017       0.000000017
     600.000000000       0.000000016       0.000000016
     610.000000000       0.000000015       0.000000015
     620.000000000       0.000000014       0.000000014
     630.000000000       0.000000013       0.000000013
     640.000000000       0.000000012       0.000000012
     650.000000000       0.000000012       0.000000012
     660.000000000       0.000000012       0.000000012
     670.000000000       0.000000012       0.000000012
     680.000000000       0.000000012       0.000000012
     690.000000000       0.000000013       0.000000013
     700.000000000       0.000000013       0.000000013
     710.000000000       0.000000014       0.000000014
     720.000000000       0.000000015       0.000000015
     730.000000000       0.000000017       0.000000017
     740.000000000       0.000000019       0.000000019
     750.000000000       0.000000021       0.000000021
     760.000000000       0.000000024       0.000000024
     770.000000000       0.000000027       0.000000027
     780.000000000       0.000000030       0.000000030
     790.000000000       0.000000034       0.000000034
     800.000000000       0.000000039       0.000000039
     810.000000000       0.000000044       0.000000044
     820.000000000       0.000000050       0.000000050
     830.000000000       0.000000056       0.000000056
     840.000000000       0.000000064       0.000000064
     850.000000000       0.000000072       0.000000072
     860.000000000       0.000000081       0.000000081
     870.000000000       0.000000091       0.000000091
     880.000000000       0.000000102       0.000000102
     890.000000000       0.000000114       0.000000114
     900.000000000       0.000000128       0.000000128
     910.000000000       0.000000142       0.000000142
     920.000000000       0.000000159       0.000000159
     930.000000000       0.000000176       0.000000176
     940.000000000       0.000000195       0.000000195
     950.000000000       0.000000216       0.000000216
     960.000000000       0.000000238       0.000000238
     970.000000000       0.000000262       0.000000262
     980.000000000       0.000000288       0.000000288
     990.000000000       0.000000315       0.000000315
    1000.000000000       0.000000345       0.000000345
    1010.000000000       0.000000376       0.000000376
    1020.000000000       0.000000409       0.000000409
    1030.000000000       0.000000445       0.000000445
    1040.000000000       0.000000482       0.000000482
    1050.000000000       0.000000522       0.000000522
    1060.000000000       0.000000563       0.000000563
    1070.000000000       0.000000606       0.000000606
    1080.000000000       0.000000651       0.000000651
    1090.000000000       0.000000698       0.000000698
    1100.000000000       0.000000747       0.000000747
    1110.000000000       0.000000797       0.000000797
    1120.000000000       0.000000849       0.000000849
    1130.000000000       0.000000902       0.000000902
    1140.000000000       0.000000957       0.000000957
    1150.000000000       0.000001012       0.000001012
    1160.000000000       0.000001069       0.000001069
    1170.000000000       0.000001126       0.000001126
    1180.000000000       0.000001183       0.000001183
    1190.000000000       0.000001241       0.000001241
    1200.000000000       0.000001299       0.000001299
    1210.000000000       0.000001356       0.000001356
    1220.000000000       0.000001413       0.000001413
    1230.000000000       0.000001469       0.000001469
    1240.000000000       0.000001523       0.000001523
    1250.000000000       0.000001577       0.000001577
    1260.000000000       0.000001628       0.000001628
    1270.000000000       0.000001678       0.000001678
    1280.000000000       0.000001725       0.000001725
    1290.000000000       0.000001770       0.000001770
    1300.000000000       0.000001811       0.000001811
    1310.000000000       0.000001850       0.000001850
    1320.000000000       0.000001885       0.000001885
    1330.000000000       0.000001917       0.000001917
    1340.000000000       0.000001945       0.000001945
    1350.000000000       0.000001969       0.000001969
    1360.000000000       0.000001989       0.000001989
    1370.000000000       0.000002005       0.000002005
    1380.000000000       0.000002017       0.000002017
    1390.000000000       0.000002024       0.000002024
    1400.000000000       0.000002026       0.000002026
    1410.000000000       0.000002024       0.000002024
    1420.000000000       0.000002018       0.000002018
    1430.000000000       0.000002007       0.000002007
    1440.000000000       0.000001992       0.000001992
    1450.000000000       0.000001973       0.000001973
    1460.000000000       0.000001950       0.000001950
    1470.000000000       0.000001922       0.000001922
    1480.000000000       0.000001891       0.000001891
    1490.000000000       0.000001856       0.000001856
    1500.000000000       0.000001818       0.000001818
    1510.000000000       0.000001777       0.000001777
    1520.000000000       0.000001733       0.000001733
    1530.000000000       0.000001686       0.000001686
    1540.000000000       0.000001637       0.000001637
    1550.000000000       0.000001586       0.000001586
    1560.000000000       0.000001533       0.000001533
    1570.000000000       0.000001478       0.000001478
    1580.000000000       0.000001422       0.000001422
    1590.000000000       0.000001366       0.000001366
    1600.000000000       0.000001309       0.000001309
    1610.000000000       0.000001251       0.000001251
    1620.000000000       0.000001193       0.000001193
    1630.000000000       0.000001136       0.000001136
    1640.000000000       0.000001079       0.000001079
    1650.000000000       0.000001022       0.000001022
    1660.000000000       0.000000967       0.000000967
    1670.000000000       0.000000912       0.000000912
    1680.000000000       0.000000859       0.000000859
    1690.000000000       0.000000806       0.000000806
    1700.000000000       0.000000756       0.000000756
    1710.000000000       0.000000707       0.000000707
    1720.000000000       0.000000660       0.000000660
    1730.000000000       0.000000614       0.000000614
    1740.000000000       0.000000571       0.000000571
    1750.000000000       0.000000529       0.000000529
    1760.000000000       0.000000489       0.000000489
    1770.000000000       0.000000452       0.000000452
    1780.000000000       0.000000416       0.000000416
    1790.000000000       0.000000382       0.000000382
    1800.000000000       0.000000350       0.000000350
    1810.000000000       0.000000321       0.000000321
    1820.000000000       0.000000293       0.000000293
    1830.000000000       0.000000267       0.000000267
    1840.000000000       0.000000242       0.000000242
    1850.000000000       0.000000220       0.000000220
    1860.000000000       0.000000199       0.000000199
    1870.000000000       0.000000180       0.000000180
    1880.000000000       0.000000162       0.000000162
    1890.000000000       0.000000145       0.000000145
    1900.000000000       0.000000130       0.000000130
    1910.000000000       0.000000117       0.000000117
    1920.000000000       0.000000104       0.000000104
    1930.000000000       0.000000093       0.000000093
    1940.000000000       0.000000083       0.000000083
    1950.000000000       0.000000073       0.000000073
    1960.000000000       0.000000065       0.000000065
    1970.000000000       0.000000057       0.000000057
    1980.000000000       0.000000051       0.000000051
    1990.000000000       0.000000045       0.000000045
    2000.000000000       0.000000039       0.000000039
    2010.000000000       0.000000034       0.000000034
    2020.000000000       0.000000030       0.000000030
    2030.000000000       0.000000026       0.000000026
    2040.000000000       0.000000023       0.000000023
    2050.000000000       0.000000020       0.000000020
    2060.000000000       0.000000017       0.000000017
    2070.000000000       0.000000015       0.000000015
    2080.000000000       0.000000013       0.000000013
    2090.000000000       0.000000011       0.000000011
    2100.000000000       0.000000010       0.000000010
    2110.000000000       0.000000009       0.000000009
    2120.000000000       0.000000007       0.000000007
    2130.000000000       0.000000007       0.000000007
    2140.000000000       0.000000006       0.000000006
    2150.000000000       0.000000005       0.000000005
    2160.000000000       0.000000005       0.000000005
    2170.000000000       0.000000004       0.000000004
    2180.000000000       0.000000004       0.000000004
    2190.000000000       0.000000004       0.000000004
    2200.000000000       0.000000004       0.000000004
    2210.000000000       0.000000003       0.000000003
    2220.000000000       0.000000004       0.000000004
    2230.000000000       0.000000004       0.000000004
    2240.000000000       0.000000004       0.000000004
    2250.000000000       0.000000004       0.000000004
    2260.000000000       0.000000004       0.000000004
    2270.000000000       0.000000005       0.000000005
    2280.000000000       0.000000005       0.000000005
    2290.000000000       0.000000005       0.000000005
    2300.000000000       0.000000006       0.000000006
    2310.000000000       0.000000007       0.000000007
    2320.000000000       0.000000007       0.000000007
    2330.000000000       0.000000008       0.000000008
    2340.000000000       0.000000009       0.000000009
    2350.000000000       0.000000010       0.000000010
    2360.000000000       0.000000011       0.000000011
    2370.000000000       0.000000012       0.000000012
    2380.000000000       0.000000013       0.000000013
    2390.000000000       0.000000014       0.000000014
    2400.000000000       0.000000015       0.000000015
    2410.000000000       0.000000017       0.000000017
    2420.000000000       0.000000018       0.000000018
    2430.000000000       0.000000020       0.000000020
    2440.000000000       0.000000022       0.000000022
    2450.000000000       0.000000023       0.000000023
    2460.000000000       0.000000025       0.000000025
    2470.000000000       0.000000027       0.000000027
    2480.000000000       0.000000029       0.000000029
    2490.000000000       0.000000031       0.000000031
    2500.000000000       0.000000033       0.000000033
    2510.000000000       0.000000036       0.000000036
    2520.000000000       0.000000038       0.000000038
    2530.000000000       0.000000040       0.000000040
    2540.000000000       0.000000043       0.000000043
    2550.000000000       0.000000045       0.000000045
    2560.000000000       0.000000048       0.000000048
    2570.000000000       0.000000050       0.000000050
    2580.000000000       0.000000053       0.000000053
    2590.000000000       0.000000055       0.000000055
    2600.000000000       0.000000058       0.000000058
    2610.000000000       0.000000060       0.000000060
    2620.000000000       0.000000063       0.000000063
    2630.000000000       0.000000065       0.000000065
    2640.000000000       0.000000068       0.000000068
    2650.000000000       0.000000070       0.000000070
    2660.000000000       0.000000073       0.000000073
    2670.000000000       0.000000075       0.000000075
    2680.000000000       0.000000077       0.000000077
    2690.000000000       0.000000079       0.000000079
    2700.000000000       0.000000081       0.000000081
    2710.000000000       0.000000082       0.000000082
    2720.000000000       0.000000084       0.000000084
    2730.000000000       0.000000085       0.000000085
    2740.000000000       0.000000087       0.000000087
    2750.000000000       0.000000088       0.000000088
    2760.000000000       0.000000089       0.000000089
    2770.000000000       0.000000089       0.000000089
    2780.000000000       0.000000090       0.000000090
    2790.000000000       0.000000090       0.000000090
    2800.000000000       0.000000090       0.000000090
    2810.000000000       0.000000090       0.000000090
    2820.000000000       0.000000090       0.000000090
    2830.000000000       0.000000090       0.000000090
    2840.000000000       0.000000089       0.000000089
    2850.000000000       0.000000088       0.000000088
    2860.000000000       0.000000087       0.000000087
    2870.000000000       0.000000086       0.000000086
    2880.000000000       0.000000084       0.000000084
    2890.000000000       0.000000083       0.000000083
    2900.000000000       0.000000081       0.000000081
    2910.000000000       0.000000079       0.000000079
    2920.000000000       0.000000078       0.000000078
    2930.000000000       0.000000075       0.000000075
    2940.000000000       0.000000073       0.000000073
    2950.000000000       0.000000071       0.000000071
    2960.000000000       0.000000069       0.000000069
    2970.000000000       0.000000066       0.000000066
    2980.000000000       0.000000064       0.000000064
    2990.000000000       0.000000061       0.000000061
    3000.000000000       0.000000059       0.000000059
    3010.000000000       0.000000056       0.000000056
    3020.000000000       0.000000054       0.000000054
    3030.000000000       0.000000051       0.000000051
    3040.000000000       0.000000049       0.000000049
    3050.000000000       0.000000046       0.000000046
    3060.000000000       0.000000044       0.000000044
    3070.000000000       0.000000041       0.000000041
    3080.000000000       0.000000039       0.000000039
    3090.000000000       0.000000036       0.000000036
    3100.000000000       0.000000034       0.000000034
    3110.000000000       0.000000032       0.000000032
    3120.000000000       0.000000030       0.000000030
    3130.000000000       0.000000028       0.000000028
    3140.000000000       0.000000026       0.000000026
    3150.000000000       0.000000024       0.000000024
    3160.000000000       0.000000022       0.000000022
    3170.000000000       0.000000021       0.000000021
    3180.000000000       0.000000019       0.000000019
    3190.000000000       0.000000017       0.000000017
    3200.000000000       0.000000016       0.000000016
    3210.000000000       0.000000015       0.000000015
    3220.000000000       0.000000013       0.000000013
    3230.000000000       0.000000012       0.000000012
    3240.000000000       0.000000011       0.000000011
    3250.000000000       0.000000010       0.000000010
    3260.000000000       0.000000009       0.000000009
    3270.000000000       0.000000008       0.000000008
    3280.000000000       0.000000007       0.000000007
    3290.000000000       0.000000007       0.000000007
    3300.000000000       0.000000006       0.000000006
    3310.000000000       0.000000005       0.000000005
    3320.000000000       0.000000005       0.000000005
    3330.000000000       0.000000004       0.000000004
    3340.000000000       0.000000004       0.000000004
    3350.000000000       0.000000003       0.000000003
    3360.000000000       0.000000003       0.000000003
    3370.000000000       0.000000003       0.000000003
    3380.000000000       0.000000002       0.000000002
    3390.000000000       0.000000002       0.000000002
    3400.000000000       0.000000002       0.000000002
    3410.000000000       0.000000002       0.000000002
    3420.000000000       0.000000001       0.000000001
    3430.000000000       0.000000001       0.000000001
    3440.000000000       0.000000001       0.000000001
    3450.000000000       0.000000001       0.000000001
    3460.000000000       0.000000001       0.000000001
    3470.000000000       0.000000001       0.000000001
    3480.000000000       0.000000001       0.000000001
    3490.000000000       0.000000001       0.000000001
    3500.000000000       0.000000000       0.000000000
    3510.000000000       0.000000000       0.000000000
    3520.000000000       0.000000000       0.000000000
    3530.000000000       0.000000000       0.000000000
    3540.000000000       0.000000000       0.000000000
    3550.000000000       0.000000000       0.000000000
    3560.000000000       0.000000000       0.000000000
    3570.000000000       0.000000000       0.000000000
    3580.000000000       0.000000000       0.000000000
    3590.000000000       0.000000000       0.000000000
    3600.000000000       0.000000000       0.000000000
    3610.000000000       0.000000000       0.000000000
    3620.000000000       0.000000000       0.000000000
    3630.000000000       0.000000000       0.000000000
    3640.000000000       0.000000000       0.000000000
    3650.000000000       0.000000000       0.000000000
    3660.000000000       0.000000000       0.000000000
    3670.000000000       0.000000000       0.000000000
    3680.000000000       0.000000000       0.000000000
    3690.000000000       0.000000000       0.000000000
    3700.000000000       0.000000000       0.000000000
    3710.000000000       0.000000000       0.000000000
    3720.000000000       0.000000000       0.000000000
    3730.000000000       0.000000001       0.000000001
    3740.000000000       0.000000001       0.000000001
    3750.000000000       0.000000001       0.000000001
    3760.000000000       0.000000001       0.000000001
    3770.000000000       0.000000001       0.000000001
    3780.000000000       0.000000001       0.000000001
    3790.000000000       0.000000001       0.000000001
    3800.000000000       0.000000001       0.000000001
    3810.000000000       0.000000001       0.000000001
    3820.000000000       0.000000001       0.000000001
    3830.000000000       0.000000001       0.000000001
    3840.000000000       0.000000001       0.000000001
    3850.000000000       0.000000002       0.000000002
    3860.000000000       0.000000002       0.000000002
    3870.000000000       0.000000002       0.000000002
    3880.000000000       0.000000002       0.000000002
    3890.000000000       0.000000002       0.000000002
    3900.000000000       0.000000002       0.000000002
    3910.000000000       0.000000002       0.000000002
    3920.000000000       0.000000002       0.000000002
    3930.000000000       0.000000003       0.000000003
    3940.000000000       0.000000003       0.000000003
    3950.000000000       0.000000003       0.000000003
    3960.000000000       0.000000003       0.000000003
    3970.000000000       0.000000003       0.000000003
    3980.000000000       0.000000003       0.000000003
    3990.000000000       0.000000004       0.000000004
    4000.000000000       0.000000004       0.000000004
    4010.000000000       0.000000004       0.000000004
    4020.000000000       0.000000004       0.000000004
    4030.000000000       0.000000004       0.000000004
    4040.000000000       0.000000004       0.000000004
    4050.000000000       0.000000005       0.000000005
    4060.000000000       0.000000005       0.000000005
    4070.000000000       0.000000005       0.000000005
    4080.000000000       0.000000005       0.000000005
    4090.000000000       0.000000005       0.000000005
    4100.000000000       0.000000005       0.000000005
    4110.000000000       0.000000005       0.000000005
    4120.000000000       0.000000005       0.000000005
    4130.000000000       0.000000006       0.000000006
    4140.000000000       0.000000006       0.000000006
    4150.000000000       0.000000006       0.000000006
    4160.000000000       0.000000006       0.000000006
    4170.000000000       0.000000006       0.000000006
    4180.000000000       0.000000006       0.000000006
    4190.000000000       0.000000006       0.000000006
    4200.000000000       0.000000006       0.000000006
    4210.000000000       0.000000006       0.000000006
    4220.000000000       0.000000006       0.000000006
    4230.000000000       0.000000006       0.000000006
    4240.000000000       0.000000006       0.000000006
    4250.000000000       0.000000006       0.000000006
    4260.000000000       0.000000006       0.000000006
    4270.000000000       0.000000006       0.000000006
    4280.000000000       0.000000006       0.000000006
    4290.000000000       0.000000005       0.000000005
    4300.000000000       0.000000005       0.000000005
    4310.000000000       0.000000005       0.000000005
    4320.000000000       0.000000005       0.000000005
    4330.000000000       0.000000005       0.000000005
    4340.000000000       0.000000005       0.000000005
    4350.000000000       0.000000005       0.000000005
    4360.000000000       0.000000004       0.000000004
    4370.000000000       0.000000004       0.000000004
    4380.000000000       0.000000004       0.000000004
    4390.000000000       0.000000004       0.000000004
    4400.000000000       0.000000004       0.000000004
    4410.000000000       0.000000004       0.000000004
    4420.000000000       0.000000004       0.000000004
    4430.000000000       0.000000003       0.000000003
    4440.000000000       0.000000003       0.000000003
    4450.000000000       0.000000003       0.000000003
    4460.000000000       0.000000003       0.000000003
    4470.000000000       0.000000003       0.000000003
    4480.000000000       0.000000003       0.000000003
    4490.000000000       0.000000002       0.000000002
    4500.000000000       0.000000002       0.000000002
    4510.000000000       0.000000002       0.000000002
    4520.000000000       0.000000002       0.000000002
    4530.000000000       0.000000002       0.000000002
    4540.000000000       0.000000002       0.000000002
    4550.000000000       0.000000002       0.000000002
    4560.000000000       0.000000001       0.000000001
    4570.000000000       0.000000001       0.000000001
    4580.000000000       0.000000001       0.000000001
    4590.000000000       0.000000001       0.000000001
    4600.000000000       0.000000001       0.000000001
    4610.000000000       0.000000001       0.000000001
    4620.000000000       0.000000001       0.000000001
    4630.000000000       0.000000001       0.000000001
    4640.000000000       0.000000001       0.000000001
    4650.000000000       0.000000001       0.000000001
    4660.000000000       0.000000001       0.000000001
    4670.000000000       0.000000001       0.000000001
    4680.000000000       0.000000001       0.000000001
    4690.000000000       0.000000000       0.000000000
    4700.000000000       0.000000000       0.000000000
    4710.000000000       0.000000000       0.000000000
    4720.000000000       0.000000000       0.000000000
    4730.000000000       0.000000000       0.000000000
    4740.000000000       0.000000000       0.000000000
    4750.000000000       0.000000000       0.000000000
    4760.000000000       0.000000000       0.000000000
    4770.000000000       0.000000000       0.000000000
    4780.000000000       0.000000000       0.000000000
    4790.000000000       0.000000000       0.000000000
    4800.000000000       0.000000000       0.000000000
    4810.000000000       0.000000000       0.000000000
    4820.000000000       0.000000000       0.000000000
    4830.000000000       0.000000000       0.000000000
    4840.000000000       0.000000000       0.000000000
    4850.000000000       0.000000000       0.000000000
    4860.000000000       0.000000000       0.000000000
    4870.000000000       0.000000000       0.000000000
    4880.000000000       0.000000000       0.000000000
    4890.000000000       0.000000000       0.000000000
    4900.000000000       0.000000000       0.000000000
    4910.000000000       0.000000000       0.000000000
    4920.000000000       0.000000000       0.000000000
    4930.000000000       0.000000000       0.000000000
    4940.000000000       0.000000000       0.000000000
    4950.000000000       0.000000000       0.000000000
    4960.000000000       0.000000000       0.000000000
    4970.000000000       0.000000000       0.000000000
    4980.000000000       0.000000000       0.000000000
    4990.000000000       0.000000000       0.000000000
    5000.000000000       0.000000000       0.000000000
    5010.000000000       0.000000000       0.000000000
    5020.000000000       0.000000000       0.000000000
    5030.000000000       0.000000000       0.000000000
    5040.000000000       0.000000000       0.000000000
    5050.000000000       0.000000000       0.000000000
    5060.000000000       0.000000000       0.000000000
    5070.000000000       0.000000000       0.000000000
    5080.000000000       0.000000000       0.000000000
    5090.000000000       0.000000000       0.000000000
    5100.000000000       0.000000000       0.000000000
    5110.000000000       0.000000000       0.000000000
    5120.000000000       0.000000000       0.000000000
    5130.000000000       0.000000000       0.000000000
    5140.000000000       0.000000000       0.000000000
    5150.000000000       0.000000000       0.000000000
    5160.000000000       0.000000000       0.000000000
    5170.000000000       0.000000000       0.000000000
    5180.000000000       0.000000000       0.000000000
    5190.000000000       0.000000000       0.000000000
    5200.000000000       0.000000000       0.000000000
    5210.000000000       0.000000000       0.000000000
    5220.000000000       0.000000000       0.000000000
    5230.000000000       0.000000000       0.000000000
    5240.000000000       0.000000000       0.000000000
    5250.000000000       0.000000000       0.000000000
    5260.000000000       0.000000000       0.000000000
    5270.000000000       0.000000000       0.000000000
    5280.000000000       0.000000000       0.000000000
    5290.000000000       0.000000000       0.000000000
    5300.000000000       0.000000000       0.000000000
    5310.000000000       0.000000000       0.000000000
    5320.000000000       0.000000000       0.000000000
    5330.000000000       0.000000000       0.000000000
    5340.000000000       0.000000000       0.000000000
    5350.000000000       0.000000000       0.000000000
    5360.000000000       0.000000000       0.000000000
    5370.000000000       0.000000000       0.000000000
    5380.000000000       0.000000000       0.000000000
    5390.000000000       0.000000000       0.000000000
    5400.000000000       0.000000000       0.000000000
    5410.000000000       0.000000000       0.000000000
    5420.000000000       0.000000000       0.000000000
    5430.000000000       0.000000000       0.000000000
    5440.000000000       0.000000000       0.000000000
    5450.000000000       0.000000000       0.000000000
    5460.000000000       0.000000001       0.000000001
    5470.000000000       0.000000001       0.000000001
    5480.000000000       0.000000001       0.000000001
    5490.000000000       0.000000001       0.000000001
    5500.000000000       0.000000001       0.000000001
    5510.000000000       0.000000001       0.000000001
    5520.000000000       0.000000001       0.000000001
    5530.000000000       0.000000001       0.000000001
    5540.000000000       0.000000001       0.000000001
    5550.000000000       0.000000001       0.000000001
    5560.000000000       0.000000001       0.000000001
    5570.000000000       0.000000001       0.000000001
    5580.000000000       0.000000001       0.000000001
    5590.000000000       0.000000001       0.000000001
    5600.000000000       0.000000001       0.000000001
    5610.000000000       0.000000001       0.000000001
    5620.000000000       0.000000001       0.000000001
    5630.000000000       0.000000001       0.000000001
    5640.000000000       0.000000001       0.000000001
    5650.000000000       0.000000001       0.000000001
    5660.000000000       0.000000001       0.000000001
    5670.000000000       0.000000001       0.000000001
    5680.000000000       0.000000001       0.000000001
    5690.000000000       0.000000001       0.000000001
    5700.000000000       0.000000001       0.000000001
    5710.000000000       0.000000001       0.000000001
    5720.000000000       0.000000001       0.000000001
    5730.000000000       0.000000001       0.000000001
    5740.000000000       0.000000001       0.000000001
    5750.000000000       0.000000001       0.000000001
    5760.000000000       0.000000001       0.000000001
    5770.000000000       0.000000000       0.000000000
    5780.000000000       0.000000000       0.000000000
    5790.000000000       0.000000000       0.000000000
    5800.000000000       0.000000000       0.000000000
    5810.000000000       0.000000000       0.000000000
    5820.000000000       0.000000000       0.000000000
    5830.000000000       0.000000000       0.000000000
    5840.000000000       0.000000000       0.000000000
    5850.000000000       0.000000000       0.000000000
    5860.000000000       0.000000000       0.000000000
    5870.000000000       0.000000000       0.000000000
    5880.000000000       0.000000000       0.000000000
    5890.000000000       0.000000000       0.000000000
    5900.000000000       0.000000000       0.000000000
    5910.000000000       0.000000000       0.000000000
    5920.000000000       0.000000000       0.000000000
    5930.000000000       0.000000000       0.000000000
    5940.000000000       0.000000000       0.000000000
    5950.000000000       0.000000000       0.000000000
    5960.000000000       0.000000000       0.000000000
    5970.000000000       0.000000000       0.000000000
    5980.000000000       0.000000000       0.000000000
    5990.000000000       0.000000000       0.000000000
    6000.000000000       0.000000000       0.000000000
    6010.000000000       0.000000000       0.000000000
    6020.000000000       0.000000000       0.000000000
    6030.000000000       0.000000000       0.000000000
    6040.000000000       0.000000000       0.000000000
    6050.000000000       0.000000000       0.000000000
    6060.000000000       0.000000000       0.000000000
    6070.000000000       0.000000000       0.000000000
    6080.000000000       0.000000000       0.000000000
    6090.000000000       0.000000000       0.000000000
    6100.000000000       0.000000000       0.000000000
    6110.000000000       0.000000000       0.000000000
    6120.000000000       0.000000000       0.000000000
    6130.000000000       0.000000000       0.000000000
    6140.000000000       0.000000000       0.000000000
    6150.000000000       0.000000000       0.000000000
    6160.000000000       0.000000000       0.000000000
    6170.000000000       0.000000000       0.000000000
    6180.000000000       0.000000000       0.000000000
    6190.000000000       0.000000000       0.000000000
    6200.000000000       0.000000000       0.000000000
    6210.000000000       0.000000000       0.000000000
    6220.000000000       0.000000000       0.000000000
    6230.000000000       0.000000000       0.000000000
    6240.000000000       0.000000000       0.000000000
    6250.000000000       0.000000000       0.000000000
    6260.000000000       0.000000000       0.000000000
    6270.000000000       0.000000000       0.000000000
    6280.000000000       0.000000000       0.000000000
    6290.000000000       0.000000000       0.000000000
    6300.000000000       0.000000000       0.000000000
    6310.000000000       0.000000000       0.000000000
    6320.000000000       0.000000000       0.000000000
    6330.000000000       0.000000000       0.000000000
    6340.000000000       0.000000000       0.000000000
    6350.000000000       0.000000000       0.000000000
    6360.000000000       0.000000000       0.000000000
    6370.000000000       0.000000000       0.000000000
    6380.000000000       0.000000000       0.000000000
    6390.000000000       0.000000000       0.000000000
    6400.000000000       0.000000000       0.000000000
    6410.000000000       0.000000000       0.000000000
    6420.000000000       0.000000000       0.000000000
    6430.000000000       0.000000000       0.000000000
    6440.000000000       0.000000000       0.000000000
    6450.000000000       0.000000000       0.000000000
    6460.000000000       0.000000000       0.000000000
    6470.000000000       0.000000000       0.000000000
    6480.000000000       0.000000000       0.000000000
    6490.000000000       0.000000000       0.000000000
    6500.000000000       0.000000000       0.000000000
    6510.000000000       0.000000000       0.000000000
    6520.000000000       0.000000000       0.000000000
    6530.000000000       0.000000000       0.000000000
    6540.000000000       0.000000000       0.000000000
    6550.000000000       0.000000000       0.000000000
    6560.000000000       0.000000000       0.000000000
    6570.000000000       0.000000000       0.000000000
    6580.000000000       0.000000000       0.000000000
    6590.000000000       0.000000000       0.000000000
    6600.000000000       0.000000000       0.000000000
    6610.000000000       0.000000000       0.000000000
    6620.000000000       0.000000000       0.000000000
    6630.000000000       0.000000000       0.000000000
    6640.000000000       0.000000000       0.000000000
    6650.000000000       0.000000000       0.000000000
    6660.000000000       0.000000000       0.000000000
    6670.000000000       0.000000000       0.000000000
    6680.000000000       0.000000000       0.000000000
    6690.000000000       0.000000000       0.000000000
    6700.000000000       0.000000000       0.000000000
    6710.000000000       0.000000000       0.000000000
    6720.000000000       0.000000000       0.000000000
    6730.000000000       0.000000000       0.000000000
    6740.000000000       0.000000000       0.000000000
    6750.000000000       0.000000000       0.000000000
    6760.000000000       0.000000000       0.000000000
    6770.000000000       0.000000000       0.000000000
    6780.000000000       0.000000000       0.000000000
    6790.000000000       0.000000000       0.000000000
    6800.000000000       0.000000000       0.000000000
    6810.000000000       0.000000000       0.000000000
    6820.000000000       0.000000000       0.000000000
    6830.000000000       0.000000000       0.000000000
    6840.000000000       0.000000000       0.000000000
    6850.000000000       0.000000000       0.000000000
    6860.000000000       0.000000000       0.000000000
    6870.000000000       0.000000000       0.000000000
    6880.000000000       0.000000000       0.000000000
    6890.000000000       0.000000000       0.000000000
    6900.000000000       0.000000000       0.000000000
    6910.000000000       0.000000000       0.000000000
    6920.000000000       0.000000000       0.000000000
    6930.000000000       0.000000000       0.000000000
    6940.000000000       0.000000000       0.000000000
    6950.000000000       0.000000000       0.000000000
    6960.000000000       0.000000000       0.000000000
    6970.000000000       0.000000000       0.000000000
    6980.000000000       0.000000000       0.000000000
    6990.000000000       0.000000000       0.000000000
    7000.000000000       0.000000001       0.000000001
    7010.000000000       0.000000001       0.000000001
    7020.000000000       0.000000001       0.000000001
    7030.000000000       0.000000001       0.000000001
    7040.000000000       0.000000001       0.000000001
    7050.000000000       0.000000001       0.000000001
    7060.000000000       0.000000001       0.000000001
    7070.000000000       0.000000001       0.000000001
    7080.000000000       0.000000002       0.000000002
    7090.000000000       0.000000002       0.000000002
    7100.000000000       0.000000002       0.000000002
    7110.000000000       0.000000002       0.000000002
    7120.000000000       0.000000003       0.000000003
    7130.000000000       0.000000003       0.000000003
    7140.000000000       0.000000004       0.000000004
    7150.000000000       0.000000004       0.000000004
    7160.000000000       0.000000005       0.000000005
    7170.000000000       0.000000006       0.000000006
    7180.000000000       0.000000006       0.000000006
    7190.000000000       0.000000007       0.000000007
    7200.000000000       0.000000008       0.000000008
    7210.000000000       0.000000010       0.000000010
    7220.000000000       0.000000011       0.000000011
    7230.000000000       0.000000013       0.000000013
    7240.000000000       0.000000014       0.000000014
    7250.000000000       0.000000016       0.000000016
    7260.000000000       0.000000018       0.000000018
    7270.000000000       0.000000021       0.000000021
    7280.000000000       0.000000024       0.000000024
    7290.000000000       0.000000027       0.000000027
    7300.000000000       0.000000030       0.000000030
    7310.000000000       0.000000034       0.000000034
    7320.000000000       0.000000038       0.000000038
    7330.000000000       0.000000042       0.000000042
    7340.000000000       0.000000047       0.000000047
    7350.000000000       0.000000053       0.000000053
    7360.000000000       0.000000059       0.000000059
    7370.000000000       0.000000065       0.000000065
    7380.000000000       0.000000073       0.000000073
    7390.000000000       0.000000081       0.000000081
    7400.000000000       0.000000090       0.000000090
    7410.000000000       0.000000099       0.000000099
    7420.000000000       0.000000110       0.000000110
    7430.000000000       0.000000121       0.000000121
    7440.000000000       0.000000133       0.000000133
    7450.000000000       0.000000147       0.000000147
    7460.000000000       0.000000161       0.000000161
    7470.000000000       0.000000177       0.000000177
    7480.000000000       0.000000194       0.000000194
    7490.000000000       0.000000213       0.000000213
    7500.000000000       0.000000232       0.000000232
    7510.000000000       0.000000254       0.000000254
    7520.000000000       0.000000277       0.000000277
    7530.000000000       0.000000302       0.000000302
    7540.000000000       0.000000328       0.000000328
    7550.000000000       0.000000357       0.000000357
    7560.000000000       0.000000387       0.000000387
    7570.000000000       0.000000420       0.000000420
    7580.000000000       0.000000455       0.000000455
    7590.000000000       0.000000492       0.000000492
    7600.000000000       0.000000532       0.000000532
    7610.000000000       0.000000574       0.000000574
    7620.000000000       0.000000620       0.000000620
    7630.000000000       0.000000668       0.000000668
    7640.000000000       0.000000719       0.000000719
    7650.000000000       0.000000773       0.000000773
    7660.000000000       0.000000831       0.000000831
    7670.000000000       0.000000892       0.000000892
    7680.000000000       0.000000957       0.000000957
    7690.000000000       0.000001026       0.000001026
    7700.000000000       0.000001099       0.000001099
    7710.000000000       0.000001176       0.000001176
    7720.000000000       0.000001258       0.000001258
    7730.000000000       0.000001344       0.000001344
    7740.000000000       0.000001435       0.000001435
    7750.000000000       0.000001531       0.000001531
    7760.000000000       0.000001633       0.000001633
    7770.000000000       0.000001740       0.000001740
    7780.000000000       0.000001853       0.000001853
    7790.000000000       0.000001972       0.000001972
    7800.000000000       0.000002098       0.000002098
    7810.000000000       0.000002230       0.000002230
    7820.000000000       0.000002369       0.000002369
    7830.000000000       0.000002516       0.000002516
    7840.000000000       0.000002670       0.000002670
    7850.000000000       0.000002832       0.000002832
    7860.000000000       0.000003003       0.000003003
    7870.000000000       0.000003182       0.000003182
    7880.000000000       0.000003371       0.000003371
    7890.000000000       0.000003569       0.000003569
    7900.000000000       0.000003777       0.000003777
    7910.000000000       0.000003995       0.000003995
    7920.000000000       0.000004224       0.000004224
    7930.000000000       0.000004465       0.000004465
    7940.000000000       0.000004717       0.000004717
    7950.000000000       0.000004982       0.000004982
    7960.000000000       0.000005260       0.000005260
    7970.000000000       0.000005552       0.000005552
    7980.000000000       0.000005858       0.000005858
    7990.000000000       0.000006179       0.000006179
    8000.000000000       0.000006515       0.000006515
    8010.000000000       0.000006868       0.000006868
    8020.000000000       0.000007237       0.000007237
    8030.000000000       0.000007625       0.000007625
    8040.000000000       0.000008031       0.000008031
    8050.000000000       0.000008456       0.000008456
    8060.000000000       0.000008902       0.000008902
    8070.000000000       0.000009370       0.000009370
    8080.000000000       0.000009859       0.000009859
    8090.000000000       0.000010372       0.000010372
    8100.000000000       0.000010909       0.000010909
    8110.000000000       0.000011472       0.000011472
    8120.000000000       0.000012061       0.000012061
    8130.000000000       0.000012679       0.000012679
    8140.000000000       0.000013325       0.000013325
    8150.000000000       0.000014003       0.000014003
    8160.000000000       0.000014712       0.000014712
    8170.000000000       0.000015455       0.000015455
    8180.000000000       0.000016233       0.000016233
    8190.000000000       0.000017047       0.000017047
    8200.000000000       0.000017900       0.000017900
    8210.000000000       0.000018793       0.000018793
    8220.000000000       0.000019728       0.000019728
    8230.000000000       0.000020707       0.000020707
    8240.000000000       0.000021732       0.000021732
    8250.000000000       0.000022805       0.000022805
    8260.000000000       0.000023929       0.000023929
    8270.000000000       0.000025105       0.000025105
    8280.000000000       0.000026336       0.000026336
    8290.000000000       0.000027625       0.000027625
    8300.000000000       0.000028974       0.000028974
    8310.000000000       0.000030386       0.000030386
    8320.000000000       0.000031865       0.000031865
    8330.000000000       0.000033412       0.000033412
    8340.000000000       0.000035031       0.000035031
    8350.000000000       0.000036725       0.000036725
    8360.000000000       0.000038498       0.000038498
    8370.000000000       0.000040354       0.000040354
    8380.000000000       0.000042295       0.000042295
    8390.000000000       0.000044327       0.000044327
    8400.000000000       0.000046452       0.000046452
    8410.000000000       0.000048676       0.000048676
    8420.000000000       0.000051003       0.000051003
    8430.000000000       0.000053437       0.000053437
    8440.000000000       0.000055983       0.000055983
    8450.000000000       0.000058646       0.000058646
    8460.000000000       0.000061431       0.000061431
    8470.000000000       0.000064344       0.000064344
    8480.000000000       0.000067391       0.000067391
    8490.000000000       0.000070577       0.000070577
    8500.000000000       0.000073908       0.000073908
    8510.000000000       0.000077392       0.000077392
    8520.000000000       0.000081034       0.000081034
    8530.000000000       0.000084842       0.000084842
    8540.000000000       0.000088822       0.000088822
    8550.000000000       0.000092983       0.000092983
    8560.000000000       0.000097333       0.000097333
    8570.000000000       0.000101879       0.000101879
    8580.000000000       0.000106629       0.000106629
    8590.000000000       0.000111594       0.000111594
    8600.000000000       0.000116782       0.000116782
    8610.000000000       0.000122203       0.000122203
    8620.000000000       0.000127867       0.000127867
    8630.000000000       0.000133784       0.000133784
    8640.000000000       0.000139965       0.000139965
    8650.000000000       0.000146421       0.000146421
    8660.000000000       0.000153165       0.000153165
    8670.000000000       0.000160207       0.000160207
    8680.000000000       0.000167562       0.000167562
    8690.000000000       0.000175242       0.000175242
    8700.000000000       0.000183261       0.000183261
    8710.000000000       0.000191633       0.000191633
    8720.000000000       0.000200372       0.000200372
    8730.000000000       0.000209495       0.000209495
    8740.000000000       0.000219018       0.000219018
    8750.000000000       0.000228956       0.000228956
    8760.000000000       0.000239328       0.000239328
    8770.000000000       0.000250150       0.000250150
    8780.000000000       0.000261442       0.000261442
    8790.000000000       0.000273223       0.000273223
    8800.000000000       0.000285513       0.000285513
    8810.000000000       0.000298333       0.000298333
    8820.000000000       0.000311704       0.000311704
    8830.000000000       0.000325649       0.000325649
    8840.000000000       0.000340191       0.000340191
    8850.000000000       0.000355353       0.000355353
    8860.000000000       0.000371162       0.000371162
    8870.000000000       0.000387643       0.000387643
    8880.000000000       0.000404823       0.000404823
    8890.000000000       0.000422729       0.000422729
    8900.000000000       0.000441391       0.000441391
    8910.000000000       0.000460838       0.000460838
    8920.000000000       0.000481102       0.000481102
    8930.000000000       0.000502214       0.000502214
    8940.000000000       0.000524208       0.000524208
    8950.000000000       0.000547118       0.000547118
    8960.000000000       0.000570980       0.000570980
    8970.000000000       0.000595830       0.000595830
    8980.000000000       0.000621708       0.000621708
    8990.000000000       0.000648652       0.000648652
    9000.000000000       0.000676703       0.000676703
    9010.000000000       0.000705904       0.000705904
    9020.000000000       0.000736298       0.000736298
    9030.000000000       0.000767931       0.000767931
    9040.000000000       0.000800850       0.000800850
    9050.000000000       0.000835102       0.000835102
    9060.000000000       0.000870739       0.000870739
    9070.000000000       0.000907811       0.000907811
    9080.000000000       0.000946372       0.000946372
    9090.000000000       0.000986477       0.000986477
    9100.000000000       0.001028184       0.001028184
    9110.000000000       0.001071551       0.001071551
    9120.000000000       0.001116638       0.001116638
    9130.000000000       0.001163510       0.001163510
    9140.000000000       0.001212230       0.001212230
    9150.000000000       0.001262865       0.001262865
    9160.000000000       0.001315485       0.001315485
    9170.000000000       0.001370160       0.001370160
    9180.000000000       0.001426964       0.001426964
    9190.000000000       0.001485973       0.001485973
    9200.000000000       0.001547265       0.001547265
    9210.000000000       0.001610920       0.001610920
    9220.000000000       0.001677021       0.001677021
    9230.000000000       0.001745654       0.001745654
    9240.000000000       0.001816906       0.001816906
    9250.000000000       0.001890869       0.001890869
    9260.000000000       0.001967636       0.001967636
    9270.000000000       0.002047303       0.002047303
    9280.000000000       0.002129969       0.002129969
    9290.000000000       0.002215736       0.002215736
    9300.000000000       0.002304709       0.002304709
    9310.000000000       0.002396997       0.002396997
    9320.000000000       0.002492709       0.002492709
    9330.000000000       0.002591961       0.002591961
    9340.000000000       0.002694870       0.002694870
    9350.000000000       0.002801556       0.002801556
    9360.000000000       0.002912144       0.002912144
    9370.000000000       0.003026762       0.003026762
    9380.000000000       0.003145540       0.003145540
    9390.000000000       0.003268613       0.003268613
    9400.000000000       0.003396120       0.003396120
    9410.000000000       0.003528202       0.003528202
    9420.000000000       0.003665007       0.003665007
    9430.000000000       0.003806682       0.003806682
    9440.000000000       0.003953382       0.003953382
    9450.000000000       0.004105265       0.004105265
    9460.000000000       0.004262492       0.004262492
    9470.000000000       0.004425229       0.004425229
    9480.000000000       0.004593647       0.004593647
    9490.000000000       0.004767919       0.004767919
    9500.000000000       0.004948224       0.004948224
    9510.000000000       0.005134746       0.005134746
    9520.000000000       0.005327673       0.005327673
    9530.000000000       0.005527195       0.005527195
    9540.000000000       0.005733511       0.005733511
    9550.000000000       0.005946821       0.005946821
    9560.000000000       0.006167333       0.006167333
    9570.000000000       0.006395256       0.006395256
    9580.000000000       0.006630808       0.006630808
    9590.000000000       0.006874209       0.006874209
    9600.000000000       0.007125684       0.007125684
    9610.000000000       0.007385466       0.007385466
    9620.000000000       0.007653791       0.007653791
    9630.000000000       0.007930898       0.007930898
    9640.000000000       0.008217037       0.008217037
    9650.000000000       0.008512457       0.008512457
    9660.000000000       0.008817418       0.008817418
    9670.000000000       0.009132180       0.009132180
    9680.000000000       0.009457013       0.009457013
    9690.000000000       0.009792190       0.009792190
    9700.000000000       0.010137991       0.010137991
    9710.000000000       0.010494700       0.010494700
    9720.000000000       0.010862608       0.010862608
    9730.000000000       0.011242011       0.011242011
    9740.000000000       0.011633211       0.011633211
    9750.000000000       0.012036516       0.012036516
    9760.000000000       0.012452238       0.012452238
    9770.000000000       0.012880698       0.012880698
    9780.000000000       0.013322220       0.013322220
    9790.000000000       0.013777135       0.013777135
    9800.000000000       0.014245780       0.014245780
    9810.000000000       0.014728498       0.014728498
    9820.000000000       0.015225636       0.015225636
    9830.000000000       0.015737550       0.015737550
    9840.000000000       0.016264600       0.016264600
    9850.000000000       0.016807152       0.016807152
    9860.000000000       0.017365578       0.017365578
    9870.000000000       0.017940256       0.017940256
    9880.000000000       0.018531570       0.018531570
    9890.000000000       0.019139909       0.019139909
    9900.000000000       0.019765669       0.019765669
    9910.000000000       0.020409252       0.020409252
    9920.000000000       0.021071064       0.021071064
    9930.000000000       0.021751518       0.021751518
    9940.000000000       0.022451032       0.022451032
    9950.000000000       0.023170031       0.023170031
    9960.000000000       0.023908944       0.023908944
    9970.000000000       0.024668206       0.024668206
    9980.000000000       0.025448257       0.025448257
    9990.000000000       0.026249544       0.026249544
   10000.000000000       0.027072517       0.027072517
   10010.000000000       0.027917633       0.027917633
   10020.000000000       0.028785353       0.028785353
   10030.000000000       0.029676144       0.029676144
   10040.000000000       0.030590476       0.030590476
   10050.000000000       0.031528827       0.031528827
   10060.000000000       0.032491676       0.032491676
   10070.000000000       0.033479509       0.033479509
   10080.000000000       0.034492816       0.034492816
   10090.000000000       0.035532090       0.035532090
   10100.000000000       0.036597830       0.036597830
   10110.000000000       0.037690537       0.037690537
   10120.000000000       0.038810718       0.038810718
   10130.000000000       0.039958881       0.039958881
   10140.000000000       0.041135540       0.041135540
   10150.000000000       0.042341211       0.042341211
   10160.000000000       0.043576412       0.043576412
   10170.000000000       0.044841667       0.044841667
   10180.000000000       0.046137499       0.046137499
   10190.000000000       0.047464437       0.047464437
   10200.000000000       0.048823009       0.048823009
   10210.000000000       0.050213746       0.050213746
   10220.000000000       0.051637183       0.051637183
   10230.000000000       0.053093854       0.053093854
   10240.000000000       0.054584295       0.054584295
   10250.000000000       0.056109042       0.056109042
   10260.000000000       0.057668634       0.057668634
   10270.000000000       0.059263608       0.059263608
   10280.000000000       0.060894504       0.060894504
   10290.000000000       0.062561859       0.062561859
   10300.000000000       0.064266210       0.064266210
   10310.000000000       0.066008096       0.066008096
   10320.000000000       0.067788052       0.067788052
   10330.000000000       0.069606612       0.069606612
   10340.000000000       0.071464310       0.071464310
   10350.000000000       0.073361676       0.073361676
   10360.000000000       0.075299240       0.075299240
   10370.000000000       0.077277526       0.077277526
   10380.000000000       0.079297057       0.079297057
   10390.000000000       0.081358352       0.081358352
   10400.000000000       0.083461928       0.083461928
   10410.000000000       0.085608294       0.085608294
   10420.000000000       0.087797957       0.087797957
   10430.000000000       0.090031419       0.090031419
   10440.000000000       0.092309177       0.092309177
   10450.000000000       0.094631719       0.094631719
   10460.000000000       0.096999531       0.096999531
   10470.000000000       0.099413090       0.099413090
   10480.000000000       0.101872865       0.101872865
   10490.000000000       0.104379321       0.104379321
   10500.000000000       0.106932913       0.106932913
   10510.000000000       0.109534086       0.109534086
   10520.000000000       0.112183279       0.112183279
   10530.000000000       0.114880921       0.114880921
   10540.000000000       0.117627430       0.117627430
   10550.000000000       0.120423217       0.120423217
   10560.000000000       0.123268678       0.123268678
   10570.000000000       0.126164202       0.126164202
   10580.000000000       0.129110165       0.129110165
   10590.000000000       0.132106930       0.132106930
   10600.000000000       0.135154850       0.135154850
   10610.000000000       0.138254262       0.138254262
   10620.000000000       0.141405493       0.141405493
   10630.000000000       0.144608855       0.144608855
   10640.000000000       0.147864644       0.147864644
   10650.000000000       0.151173144       0.151173144
   10660.000000000       0.154534623       0.154534623
   10670.000000000       0.157949332       0.157949332
   10680.000000000       0.161417508       0.161417508
   10690.000000000       0.164939370       0.164939370
   10700.000000000       0.168515120       0.168515120
   10710.000000000       0.172144945       0.172144945
   10720.000000000       0.175829011       0.175829011
   10730.000000000       0.179567467       0.179567467
   10740.000000000       0.183360444       0.183360444
   10750.000000000       0.187208052       0.187208052
   10760.000000000       0.191110384       0.191110384
   10770.000000000       0.195067510       0.195067510
   10780.000000000       0.199079483       0.199079483
   10790.000000000       0.203146332       0.203146332
   10800.000000000       0.207268066       0.207268066
   10810.000000000       0.211444673       0.211444673
   10820.000000000       0.215676118       0.215676118
   10830.000000000       0.219962345       0.219962345
   10840.000000000       0.224303273       0.224303273
   10850.000000000       0.228698800       0.228698800
   10860.000000000       0.233148800       0.233148800
   10870.000000000       0.237653123       0.237653123
   10880.000000000       0.242211595       0.242211595
   10890.000000000       0.246824018       0.246824018
   10900.000000000       0.251490168       0.251490168
   10910.000000000       0.256209797       0.256209797
   10920.000000000       0.260982633       0.260982633
   10930.000000000       0.265808375       0.265808375
   10940.000000000       0.270686701       0.270686701
   10950.000000000       0.275617259       0.275617259
   10960.000000000       0.280599672       0.280599672
   10970.000000000       0.285633537       0.285633537
   10980.000000000       0.290718426       0.290718426
   10990.000000000       0.295853881       0.295853881
   11000.000000000       0.301039419       0.301039419
   11010.000000000       0.306274530       0.306274530
   11020.000000000       0.311558677       0.311558677
   11030.000000000       0.316891295       0.316891295
   11040.000000000       0.322271792       0.322271792
   11050.000000000       0.327699549       0.327699549
   11060.000000000       0.333173920       0.333173920
   11070.000000000       0.338694231       0.338694231
   11080.000000000       0.344259780       0.344259780
   11090.000000000       0.349869839       0.349869839
   11100.000000000       0.355523651       0.355523651
   11110.000000000       0.361220434       0.361220434
   11120.000000000       0.366959377       0.366959377
   11130.000000000       0.372739643       0.372739643
   11140.000000000       0.378560366       0.378560366
   11150.000000000       0.384420657       0.384420657
   11160.000000000       0.390319597       0.390319597
   11170.000000000       0.396256241       0.396256241
   11180.000000000       0.402229620       0.402229620
   11190.000000000       0.408238736       0.408238736
   11200.000000000       0.414282568       0.414282568
   11210.000000000       0.420360068       0.420360068
   11220.000000000       0.426470164       0.426470164
   11230.000000000       0.432611757       0.432611757
   11240.000000000       0.438783725       0.438783725
   11250.000000000       0.444984923       0.444984923
   11260.000000000       0.451214181       0.451214181
   11270.000000000       0.457470305       0.457470305
   11280.000000000       0.463752079       0.463752079
   11290.000000000       0.470058266       0.470058266
   11300.000000000       0.476387604       0.476387604
   11310.000000000       0.482738813       0.482738813
   11320.000000000       0.489110589       0.489110589
   11330.000000000       0.495501609       0.495501609
   11340.000000000       0.501910531       0.501910531
   11350.000000000       0.508335992       0.508335992
   11360.000000000       0.514776613       0.514776613
   11370.000000000       0.521230994       0.521230994
   11380.000000000       0.527697719       0.527697719
   11390.000000000       0.534175357       0.534175357
   11400.000000000       0.540662458       0.540662458
   11410.000000000       0.547157558       0.547157558
   11420.000000000       0.553659179       0.553659179
   11430.000000000       0.560165830       0.560165830
   11440.000000000       0.566676003       0.566676003
   11450.000000000       0.573188182       0.573188182
   11460.000000000       0.579700837       0.579700837
   11470.000000000       0.586212428       0.586212428
   11480.000000000       0.592721405       0.592721405
   11490.000000000       0.599226210       0.599226210
   11500.000000000       0.605725274       0.605725274
   11510.000000000       0.612217023       0.612217023
   11520.000000000       0.618699875       0.618699875
   11530.000000000       0.625172244       0.625172244
   11540.000000000       0.631632537       0.631632537
   11550.000000000       0.638079158       0.638079158
   11560.000000000       0.644510510       0.644510510
   11570.000000000       0.650924990       0.650924990
   11580.000000000       0.657320998       0.657320998
   11590.000000000       0.663696929       0.663696929
   11600.000000000       0.670051184       0.670051184
   11610.000000000       0.676382161       0.676382161
   11620.000000000       0.682688263       0.682688263
   11630.000000000       0.688967896       0.688967896
   11640.000000000       0.695219471       0.695219471
   11650.000000000       0.701441402       0.701441402
   11660.000000000       0.707632113       0.707632113
   11670.000000000       0.713790032       0.713790032
   11680.000000000       0.719913597       0.719913597
   11690.000000000       0.726001255       0.726001255
   11700.000000000       0.732051462       0.732051462
   11710.000000000       0.738062687       0.738062687
   11720.000000000       0.744033408       0.744033408
   11730.000000000       0.749962118       0.749962118
   11740.000000000       0.755847325       0.755847325
   11750.000000000       0.761687548       0.761687548
   11760.000000000       0.767481325       0.767481325
   11770.000000000       0.773227209       0.773227209
   11780.000000000       0.778923771       0.778923771
   11790.000000000       0.784569598       0.784569598
   11800.000000000       0.790163300       0.790163300
   11810.000000000       0.795703504       0.795703504
   11820.000000000       0.801188858       0.801188858
   11830.000000000       0.806618034       0.806618034
   11840.000000000       0.811989723       0.811989723
   11850.000000000       0.817302641       0.817302641
   11860.000000000       0.822555528       0.822555528
   11870.000000000       0.827747149       0.827747149
   11880.000000000       0.832876294       0.832876294
   11890.000000000       0.837941778       0.837941778
   11900.000000000       0.842942444       0.842942444
   11910.000000000       0.847877163       0.847877163
   11920.000000000       0.852744833       0.852744833
   11930.000000000       0.857544381       0.857544381
   11940.000000000       0.862274764       0.862274764
   11950.000000000       0.866934969       0.866934969
   11960.000000000       0.871524013       0.871524013
   11970.000000000       0.876040944       0.876040944
   11980.000000000       0.880484841       0.880484841
   11990.000000000       0.884854816       0.884854816
   12000.000000000       0.889150013       0.889150013
   12010.000000000       0.893369610       0.893369610
   12020.000000000       0.897512817       0.897512817
   12030.000000000       0.901578877       0.901578877
   12040.000000000       0.905567070       0.905567070
   12050.000000000       0.909476706       0.909476706
   12060.000000000       0.913307133       0.913307133
   12070.000000000       0.917057734       0.917057734
   12080.000000000       0.920727924       0.920727924
   12090.000000000       0.924317156       0.924317156
   12100.000000000       0.927824918       0.927824918
   12110.000000000       0.931250733       0.931250733
   12120.000000000       0.934594160       0.934594160
   12130.000000000       0.937854794       0.937854794
   12140.000000000       0.941032265       0.941032265
   12150.000000000       0.944126239       0.944126239
   12160.000000000       0.947136419       0.947136419
   12170.000000000       0.950062543       0.950062543
   12180.000000000       0.952904385       0.952904385
   12190.000000000       0.955661754       0.955661754
   12200.000000000       0.958334495       0.958334495
   12210.000000000       0.960922488       0.960922488
   12220.000000000       0.963425648       0.963425648
   12230.000000000       0.965843926       0.965843926
   12240.000000000       0.968177307       0.968177307
   12250.000000000       0.970425810       0.970425810
   12260.000000000       0.972589487       0.972589487
   12270.000000000       0.974668428       0.974668428
   12280.000000000       0.976662751       0.976662751
   12290.000000000       0.978572611       0.978572611
   12300.000000000       0.980398194       0.980398194
   12310.000000000       0.982139719       0.982139719
   12320.000000000       0.983797434       0.983797434
   12330.000000000       0.985371623       0.985371623
   12340.000000000       0.986862596       0.986862596
   12350.000000000       0.988270696       0.988270696
   12360.000000000       0.989596295       0.989596295
   12370.000000000       0.990839794       0.990839794
   12380.000000000       0.992001622       0.992001622
   12390.000000000       0.993082237       0.993082237
   12400.000000000       0.994082122       0.994082122
   12410.000000000       0.995001790       0.995001790
   12420.000000000       0.995841777       0.995841777
   12430.000000000       0.996602644       0.996602644
   12440.000000000       0.997284980       0.997284980
   12450.000000000       0.997889393       0.997889393
   12460.000000000       0.998416518       0.998416518
   12470.000000000       0.998867010       0.998867010
   12480.000000000       0.999241546       0.999241546
   12490.000000000       0.999540824       0.999540824
   12500.000000000       0.999765562       0.999765562
   12510.000000000       0.999916498       0.999916498
   12520.000000000       0.999994386       0.999994386
   12530.000000000       1.000000000       1.000000000
   12540.000000000       0.999934129       0.999934129
   12550.000000000       0.999797579       0.999797579
   12560.000000000       0.999591171       0.999591171
   12570.000000000       0.999315739       0.999315739
   12580.000000000       0.998972132       0.998972132
   12590.000000000       0.998561211       0.998561211
   12600.000000000       0.998083848       0.998083848
   12610.000000000       0.997540927       0.997540927
   12620.000000000       0.996933342       0.996933342
   12630.000000000       0.996261996       0.996261996
   12640.000000000       0.995527799       0.995527799
   12650.000000000       0.994731670       0.994731670
   12660.000000000       0.993874535       0.993874535
   12670.000000000       0.992957324       0.992957324
   12680.000000000       0.991980976       0.991980976
   12690.000000000       0.990946429       0.990946429
   12700.000000000       0.989854628       0.989854628
   12710.000000000       0.988706521       0.988706521
   12720.000000000       0.987503055       0.987503055
   12730.000000000       0.986245180       0.986245180
   12740.000000000       0.984933848       0.984933848
   12750.000000000       0.983570007       0.983570007
   12760.000000000       0.982154606       0.982154606
   12770.000000000       0.980688592       0.980688592
   12780.000000000       0.979172909       0.979172909
   12790.000000000       0.977608499       0.977608499
   12800.000000000       0.975996298       0.975996298
   12810.000000000       0.974337239       0.974337239
   12820.000000000       0.972632249       0.972632249
   12830.000000000       0.970882250       0.970882250
   12840.000000000       0.969088157       0.969088157
   12850.000000000       0.967250877       0.967250877
   12860.000000000       0.965371311       0.965371311
   12870.000000000       0.963450352       0.963450352
   12880.000000000       0.961488882       0.961488882
   12890.000000000       0.959487776       0.959487776
   12900.000000000       0.957447899       0.957447899
   12910.000000000       0.955370105       0.955370105
   12920.000000000       0.953255237       0.953255237
   12930.000000000       0.951104128       0.951104128
   12940.000000000       0.948917601       0.948917601
   12950.000000000       0.946696463       0.946696463
   12960.000000000       0.944441513       0.944441513
   12970.000000000       0.942153535       0.942153535
   12980.000000000       0.939833301       0.939833301
   12990.000000000       0.937481570       0.937481570
   13000.000000000       0.935099088       0.935099088
   13010.000000000       0.932686586       0.932686586
   13020.000000000       0.930244781       0.930244781
   13030.000000000       0.927774379       0.927774379
   13040.000000000       0.925276068       0.925276068
   13050.000000000       0.922750524       0.922750524
   13060.000000000       0.920198408       0.920198408
   13070.000000000       0.917620365       0.917620365
   13080.000000000       0.915017026       0.915017026
   13090.000000000       0.912389009       0.912389009
   13100.000000000       0.909736916       0.909736916
   13110.000000000       0.907061332       0.907061332
   13120.000000000       0.904362830       0.904362830
   13130.000000000       0.901641967       0.901641967
   13140.000000000       0.898899286       0.898899286
   13150.000000000       0.896135313       0.896135313
   13160.000000000       0.893350563       0.893350563
   13170.000000000       0.890545533       0.890545533
   13180.000000000       0.887720707       0.887720707
   13190.000000000       0.884876555       0.884876555
   13200.000000000       0.882013533       0.882013533
   13210.000000000       0.879132081       0.879132081
   13220.000000000       0.876232627       0.876232627
   13230.000000000       0.873315585       0.873315585
   13240.000000000       0.870381357       0.870381357
   13250.000000000       0.867430329       0.867430329
   13260.000000000       0.864462875       0.864462875
   13270.000000000       0.861479359       0.861479359
   13280.000000000       0.858480129       0.858480129
   13290.000000000       0.855465522       0.855465522
   13300.000000000       0.852435865       0.852435865
   13310.000000000       0.849391470       0.849391470
   13320.000000000       0.846332643       0.846332643
   13330.000000000       0.843259673       0.843259673
   13340.000000000       0.840172843       0.840172843
   13350.000000000       0.837072425       0.837072425
   13360.000000000       0.833958679       0.833958679
   13370.000000000       0.830831859       0.830831859
   13380.000000000       0.827692207       0.827692207
   13390.000000000       0.824539957       0.824539957
   13400.000000000       0.821375335       0.821375335
   13410.000000000       0.818198560       0.818198560
   13420.000000000       0.815009843       0.815009843
   13430.000000000       0.811809386       0.811809386
   13440.000000000       0.808597385       0.808597385
   13450.000000000       0.805374032       0.805374032
   13460.000000000       0.802139511       0.802139511
   13470.000000000       0.798893999       0.798893999
   13480.000000000       0.795637670       0.795637670
   13490.000000000       0.792370694       0.792370694
   13500.000000000       0.789093233       0.789093233
   13510.000000000       0.785805448       0.785805448
   13520.000000000       0.782507495       0.782507495
   13530.000000000       0.779199528       0.779199528
   13540.000000000       0.775881696       0.775881696
   13550.000000000       0.772554147       0.772554147
   13560.000000000       0.769217027       0.769217027
   13570.000000000       0.765870480       0.765870480
   13580.000000000       0.762514647       0.762514647
   13590.000000000       0.759149669       0.759149669
   13600.000000000       0.755775688       0.755775688
   13610.000000000       0.752392843       0.752392843
   13620.000000000       0.749001273       0.749001273
   13630.000000000       0.745601119       0.745601119
   13640.000000000       0.742192521       0.742192521
   13650.000000000       0.738775621       0.738775621
   13660.000000000       0.735350561       0.735350561
   13670.000000000       0.731917485       0.731917485
   13680.000000000       0.728476537       0.728476537
   13690.000000000       0.725027867       0.725027867
   13700.000000000       0.721571622       0.721571622
   13710.000000000       0.718107955       0.718107955
   13720.000000000       0.714637020       0.714637020
   13730.000000000       0.711158975       0.711158975
   13740.000000000       0.707673979       0.707673979
   13750.000000000       0.704182197       0.704182197
   13760.000000000       0.700683794       0.700683794
   13770.000000000       0.697178941       0.697178941
   13780.000000000       0.693667812       0.693667812
   13790.000000000       0.690150585       0.690150585
   13800.000000000       0.686627442       0.686627442
   13810.000000000       0.683098568       0.683098568
   13820.000000000       0.679564152       0.679564152
   13830.000000000       0.676024390       0.676024390
   13840.000000000       0.672479480       0.672479480
   13850.000000000       0.668929623       0.668929623
   13860.000000000       0.665375028       0.665375028
   13870.000000000       0.661815906       0.661815906
   13880.000000000       0.658252473       0.658252473
   13890.000000000       0.654684949       0.654684949
   13900.000000000       0.651113560       0.651113560
   13910.000000000       0.647538535       0.647538535
   13920.000000000       0.643960108       0.643960108
   13930.000000000       0.640378516       0.640378516
   13940.000000000       0.636794003       0.636794003
   13950.000000000       0.633206816       0.633206816
   13960.000000000       0.629617206       0.629617206
   13970.000000000       0.626025428       0.626025428
   13980.000000000       0.622431741       0.622431741
   13990.000000000       0.618836409       0.618836409
   14000.000000000       0.615239699       0.615239699
   14010.000000000       0.611641882       0.611641882
   14020.000000000       0.608043232       0.608043232
   14030.000000000       0.604444027       0.604444027
   14040.000000000       0.600844550       0.600844550
   14050.000000000       0.597245083       0.597245083
   14060.000000000       0.593645914       0.593645914
   14070.000000000       0.590047335       0.590047335
   14080.000000000       0.586449638       0.586449638
   14090.000000000       0.582853118       0.582853118
   14100.000000000       0.579258073       0.579258073
   14110.000000000       0.575664804       0.575664804
   14120.000000000       0.572073612       0.572073612
   14130.000000000       0.568484801       0.568484801
   14140.000000000       0.564898676       0.564898676
   14150.000000000       0.561315543       0.561315543
   14160.000000000       0.557735710       0.557735710
   14170.000000000       0.554159486       0.554159486
   14180.000000000       0.550587179       0.550587179
   14190.000000000       0.547019100       0.547019100
   14200.000000000       0.543455557       0.543455557
   14210.000000000       0.539896861       0.539896861
   14220.000000000       0.536343322       0.536343322
   14230.000000000       0.532795248       0.532795248
   14240.000000000       0.529252948       0.529252948
   14250.000000000       0.525716730       0.525716730
   14260.000000000       0.522186900       0.522186900
   14270.000000000       0.518663763       0.518663763
   14280.000000000       0.515147623       0.515147623
   14290.000000000       0.511638782       0.511638782
   14300.000000000       0.508137539       0.508137539
   14310.000000000       0.504644192       0.504644192
   14320.000000000       0.501159036       0.501159036
   14330.000000000       0.497682364       0.497682364
   14340.000000000       0.494214465       0.494214465
   14350.000000000       0.490755627       0.490755627
   14360.000000000       0.487306132       0.487306132
   14370.000000000       0.483866260       0.483866260
   14380.000000000       0.480436288       0.480436288
   14390.000000000       0.477016488       0.477016488
   14400.000000000       0.473607129       0.473607129
   14410.000000000       0.470208476       0.470208476
   14420.000000000       0.466820787       0.466820787
   14430.000000000       0.463444320       0.463444320
   14440.000000000       0.460079324       0.460079324
   14450.000000000       0.456726045       0.456726045
   14460.000000000       0.453384726       0.453384726
   14470.000000000       0.450055601       0.450055601
   14480.000000000       0.446738902       0.446738902
   14490.000000000       0.443434854       0.443434854
   14500.000000000       0.440143677       0.440143677
   14510.000000000       0.436865586       0.436865586
   14520.000000000       0.433600789       0.433600789
   14530.000000000       0.430349490       0.430349490
   14540.000000000       0.427111885       0.427111885
   14550.000000000       0.423888166       0.423888166
   14560.000000000       0.420678518       0.420678518
   14570.000000000       0.417483120       0.417483120
   14580.000000000       0.414302144       0.414302144
   14590.000000000       0.411135759       0.411135759
   14600.000000000       0.407984124       0.407984124
   14610.000000000       0.404847394       0.404847394
   14620.000000000       0.401725716       0.401725716
   14630.000000000       0.398619233       0.398619233
   14640.000000000       0.395528080       0.395528080
   14650.000000000       0.392452385       0.392452385
   14660.000000000       0.389392272       0.389392272
   14670.000000000       0.386347856       0.386347856
   14680.000000000       0.383319248       0.383319248
   14690.000000000       0.380306552       0.380306552
   14700.000000000       0.377309864       0.377309864
   14710.000000000       0.374329277       0.374329277
   14720.000000000       0.371364875       0.371364875
   14730.000000000       0.368416737       0.368416737
   14740.000000000       0.365484936       0.365484936
   14750.000000000       0.362569539       0.362569539
   14760.000000000       0.359670606       0.359670606
   14770.000000000       0.356788193       0.356788193
   14780.000000000       0.353922348       0.353922348
   14790.000000000       0.351073116       0.351073116
   14800.000000000       0.348240533       0.348240533
   14810.000000000       0.345424632       0.345424632
   14820.000000000       0.342625439       0.342625439
   14830.000000000       0.339842977       0.339842977
   14840.000000000       0.337077260       0.337077260
   14850.000000000       0.334328301       0.334328301
   14860.000000000       0.331596104       0.331596104
   14870.000000000       0.328880672       0.328880672
   14880.000000000       0.326182000       0.326182000
   14890.000000000       0.323500080       0.323500080
   14900.000000000       0.320834899       0.320834899
   14910.000000000       0.318186439       0.318186439
   14920.000000000       0.315554680       0.315554680
   14930.000000000       0.312939595       0.312939595
   14940.000000000       0.310341154       0.310341154
   14950.000000000       0.307759323       0.307759323
   14960.000000000       0.305194066       0.305194066
   14970.000000000       0.302645342       0.302645342
   14980.000000000       0.300113105       0.300113105
   14990.000000000       0.297597309       0.297597309
   15000.000000000       0.295097901       0.295097901
   15010.000000000       0.292614829       0.292614829
   15020.000000000       0.290148036       0.290148036
   15030.000000000       0.287697462       0.287697462
   15040.000000000       0.285263044       0.285263044
   15050.000000000       0.282844719       0.282844719
   15060.000000000       0.280442419       0.280442419
   15070.000000000       0.278056075       0.278056075
   15080.000000000       0.275685617       0.275685617
   15090.000000000       0.273330970       0.273330970
   15100.000000000       0.270992062       0.270992062
   15110.000000000       0.268668814       0.268668814
   15120.000000000       0.266361149       0.266361149
   15130.000000000       0.264068989       0.264068989
   15140.000000000       0.261792252       0.261792252
   15150.000000000       0.259530858       0.259530858
   15160.000000000       0.257284723       0.257284723
   15170.000000000       0.255053764       0.255053764
   15180.000000000       0.252837898       0.252837898
   15190.000000000       0.250637039       0.250637039
   15200.000000000       0.248451102       0.248451102
   15210.000000000       0.246280003       0.246280003
   15220.000000000       0.244123654       0.244123654
   15230.000000000       0.241981970       0.241981970
   15240.000000000       0.239854865       0.239854865
   15250.000000000       0.237742253       0.237742253
   15260.000000000       0.235644047       0.235644047
   15270.000000000       0.233560163       0.233560163
   15280.000000000       0.231490514       0.231490514
   15290.000000000       0.229435015       0.229435015
   15300.000000000       0.227393582       0.227393582
   15310.000000000       0.225366131       0.225366131
   15320.000000000       0.223352578       0.223352578
   15330.000000000       0.221352840       0.221352840
   15340.000000000       0.219366835       0.219366835
   15350.000000000       0.217394481       0.217394481
   15360.000000000       0.215435700       0.215435700
   15370.000000000       0.213490409       0.213490409
   15380.000000000       0.211558532       0.211558532
   15390.000000000       0.209639991       0.209639991
   15400.000000000       0.207734708       0.207734708
   15410.000000000       0.205842608       0.205842608
   15420.000000000       0.203963617       0.203963617
   15430.000000000       0.202097662       0.202097662
   15440.000000000       0.200244670       0.200244670
   15450.000000000       0.198404571       0.198404571
   15460.000000000       0.196577295       0.196577295
   15470.000000000       0.194762772       0.194762772
   15480.000000000       0.192960937       0.192960937
   15490.000000000       0.191171723       0.191171723
   15500.000000000       0.189395064       0.189395064
   15510.000000000       0.187630898       0.187630898
   15520.000000000       0.185879163       0.185879163
   15530.000000000       0.184139796       0.184139796
   15540.000000000       0.182412739       0.182412739
   15550.000000000       0.180697932       0.180697932
   15560.000000000       0.178995319       0.178995319
   15570.000000000       0.177304843       0.177304843
   15580.000000000       0.175626448       0.175626448
   15590.000000000       0.173960082       0.173960082
   15600.000000000       0.172305692       0.172305692
   15610.000000000       0.170663225       0.170663225
   15620.000000000       0.169032632       0.169032632
   15630.000000000       0.167413863       0.167413863
   15640.000000000       0.165806869       0.165806869
   15650.000000000       0.164211603       0.164211603
   15660.000000000       0.162628019       0.162628019
   15670.000000000       0.161056071       0.161056071
   15680.000000000       0.159495714       0.159495714
   15690.000000000       0.157946905       0.157946905
   15700.000000000       0.156409601       0.156409601
   15710.000000000       0.154883759       0.154883759
   15720.000000000       0.153369337       0.153369337
   15730.000000000       0.151866296       0.151866296
   15740.000000000       0.150374595       0.150374595
   15750.000000000       0.148894195       0.148894195
   15760.000000000       0.147425055       0.147425055
   15770.000000000       0.145967139       0.145967139
   15780.000000000       0.144520408       0.144520408
   15790.000000000       0.143084824       0.143084824
   15800.000000000       0.141660350       0.141660350
   15810.000000000       0.140246950       0.140246950
   15820.000000000       0.138844586       0.138844586
   15830.000000000       0.137453223       0.137453223
   15840.000000000       0.136072823       0.136072823
   15850.000000000       0.134703352       0.134703352
   15860.000000000       0.133344774       0.133344774
   15870.000000000       0.131997051       0.131997051
   15880.000000000       0.130660150       0.130660150
   15890.000000000       0.129334033       0.129334033
   15900.000000000       0.128018665       0.128018665
   15910.000000000       0.126714011       0.126714011
   15920.000000000       0.125420033       0.125420033
   15930.000000000       0.124136696       0.124136696
   15940.000000000       0.122863962       0.122863962
   15950.000000000       0.121601797       0.121601797
   15960.000000000       0.120350161       0.120350161
   15970.000000000       0.119109019       0.119109019
   15980.000000000       0.117878332       0.117878332
   15990.000000000       0.116658061       0.116658061
   16000.000000000       0.115448170       0.115448170
   16010.000000000       0.114248618       0.114248618
   16020.000000000       0.113059366       0.113059366
   16030.000000000       0.111880375       0.111880375
   16040.000000000       0.110711604       0.110711604
   16050.000000000       0.109553011       0.109553011
   16060.000000000       0.108404556       0.108404556
   16070.000000000       0.107266196       0.107266196
   16080.000000000       0.106137889       0.106137889
   16090.000000000       0.105019591       0.105019591
   16100.000000000       0.103911258       0.103911258
   16110.000000000       0.102812846       0.102812846
   16120.000000000       0.101724309       0.101724309
   16130.000000000       0.100645601       0.100645601
   16140.000000000       0.099576677       0.099576677
   16150.000000000       0.098517488       0.098517488
   16160.000000000       0.097467986       0.097467986
   16170.000000000       0.096428123       0.096428123
   16180.000000000       0.095397850       0.095397850
   16190.000000000       0.094377117       0.094377117
   16200.000000000       0.093365872       0.093365872
   16210.000000000       0.092364065       0.092364065
   16220.000000000       0.091371643       0.091371643
   16230.000000000       0.090388553       0.090388553
   16240.000000000       0.089414742       0.089414742
   16250.000000000       0.088450156       0.088450156
   16260.000000000       0.087494740       0.087494740
   16270.000000000       0.086548439       0.086548439
   16280.000000000       0.085611196       0.085611196
   16290.000000000       0.084682955       0.084682955
   16300.000000000       0.083763658       0.083763658
   16310.000000000       0.082853248       0.082853248
   16320.000000000       0.081951666       0.081951666
   16330.000000000       0.081058853       0.081058853
   16340.000000000       0.080174749       0.080174749
   16350.000000000       0.079299294       0.079299294
   16360.000000000       0.078432429       0.078432429
   16370.000000000       0.077574090       0.077574090
   16380.000000000       0.076724218       0.076724218
   16390.000000000       0.075882749       0.075882749
   16400.000000000       0.075049622       0.075049622
   16410.000000000       0.074224773       0.074224773
   16420.000000000       0.073408140       0.073408140
   16430.000000000       0.072599658       0.072599658
   16440.000000000       0.071799265       0.071799265
   16450.000000000       0.071006894       0.071006894
   16460.000000000       0.070222484       0.070222484
   16470.000000000       0.069445967       0.069445967
   16480.000000000       0.068677280       0.068677280
   16490.000000000       0.067916358       0.067916358
   16500.000000000       0.067163135       0.067163135
   16510.000000000       0.066417545       0.066417545
   16520.000000000       0.065679523       0.065679523
   16530.000000000       0.064949004       0.064949004
   16540.000000000       0.064225922       0.064225922
   16550.000000000       0.063510210       0.063510210
   16560.000000000       0.062801804       0.062801804
   16570.000000000       0.062100637       0.062100637
   16580.000000000       0.061406644       0.061406644
   16590.000000000       0.060719759       0.060719759
   16600.000000000       0.060039916       0.060039916
   16610.000000000       0.059367051       0.059367051
   16620.000000000       0.058701098       0.058701098
   16630.000000000       0.058041991       0.058041991
   16640.000000000       0.057389666       0.057389666
   16650.000000000       0.056744059       0.056744059
   16660.000000000       0.056105104       0.056105104
   16670.000000000       0.055472737       0.055472737
   16680.000000000       0.054846896       0.054846896
   16690.000000000       0.054227515       0.054227515
   16700.000000000       0.053614532       0.053614532
   16710.000000000       0.053007883       0.053007883
   16720.000000000       0.052407507       0.052407507
   16730.000000000       0.051813340       0.051813340
   16740.000000000       0.051225322       0.051225322
   16750.000000000       0.050643391       0.050643391
   16760.000000000       0.050067485       0.050067485
   16770.000000000       0.049497545       0.049497545
   16780.000000000       0.048933511       0.048933511
   16790.000000000       0.048375322       0.048375322
   16800.000000000       0.047822920       0.047822920
   16810.000000000       0.047276246       0.047276246
   16820.000000000       0.046735242       0.046735242
   16830.000000000       0.046199852       0.046199852
   16840.000000000       0.045670017       0.045670017
   16850.000000000       0.045145682       0.045145682
   16860.000000000       0.044626790       0.044626790
   16870.000000000       0.044113287       0.044113287
   16880.000000000       0.043605118       0.043605118
   16890.000000000       0.043102228       0.043102228
   16900.000000000       0.042604565       0.042604565
   16910.000000000       0.042112075       0.042112075
   16920.000000000       0.041624706       0.041624706
   16930.000000000       0.041142406       0.041142406
   16940.000000000       0.040665125       0.040665125
   16950.000000000       0.040192812       0.040192812
   16960.000000000       0.039725416       0.039725416
   16970.000000000       0.039262889       0.039262889
   16980.000000000       0.038805182       0.038805182
   16990.000000000       0.038352248       0.038352248
   17000.000000000       0.037904038       0.037904038
   17010.000000000       0.037460506       0.037460506
   17020.000000000       0.037021605       0.037021605
   17030.000000000       0.036587291       0.036587291
   17040.000000000       0.036157517       0.036157517
   17050.000000000       0.035732240       0.035732240
   17060.000000000       0.035311417       0.035311417
   17070.000000000       0.034895002       0.034895002
   17080.000000000       0.034482955       0.034482955
   17090.000000000       0.034075233       0.034075233
   17100.000000000       0.033671794       0.033671794
   17110.000000000       0.033272598       0.033272598
   17120.000000000       0.032877604       0.032877604
   17130.000000000       0.032486772       0.032486772
   17140.000000000       0.032100063       0.032100063
   17150.000000000       0.031717439       0.031717439
   17160.000000000       0.031338860       0.031338860
   17170.000000000       0.030964290       0.030964290
   17180.000000000       0.030593690       0.030593690
   17190.000000000       0.030227025       0.030227025
   17200.000000000       0.029864258       0.029864258
   17210.000000000       0.029505353       0.029505353
   17220.000000000       0.029150275       0.029150275
   17230.000000000       0.028798989       0.028798989
   17240.000000000       0.028451461       0.028451461
   17250.000000000       0.028107656       0.028107656
   17260.000000000       0.027767541       0.027767541
   17270.000000000       0.027431082       0.027431082
   17280.000000000       0.027098248       0.027098248
   17290.000000000       0.026769006       0.026769006
   17300.000000000       0.026443322       0.026443322
   17310.000000000       0.026121167       0.026121167
   17320.000000000       0.025802509       0.025802509
   17330.000000000       0.025487316       0.025487316
   17340.000000000       0.025175558       0.025175558
   17350.000000000       0.024867205       0.024867205
   17360.000000000       0.024562227       0.024562227
   17370.000000000       0.024260594       0.024260594
   17380.000000000       0.023962276       0.023962276
   17390.000000000       0.023667245       0.023667245
   17400.000000000       0.023375472       0.023375472
   17410.000000000       0.023086928       0.023086928
   17420.000000000       0.022801585       0.022801585
   17430.000000000       0.022519415       0.022519415
   17440.000000000       0.022240389       0.022240389
   17450.000000000       0.021964481       0.021964481
   17460.000000000       0.021691662       0.021691662
   17470.000000000       0.021421907       0.021421907
   17480.000000000       0.021155187       0.021155187
   17490.000000000       0.020891475       0.020891475
   17500.000000000       0.020630746       0.020630746
   17510.000000000       0.020372973       0.020372973
   17520.000000000       0.020118129       0.020118129
   17530.000000000       0.019866189       0.019866189
   17540.000000000       0.019617126       0.019617126
   17550.000000000       0.019370915       0.019370915
   17560.000000000       0.019127530       0.019127530
   17570.000000000       0.018886945       0.018886945
   17580.000000000       0.018649135       0.018649135
   17590.000000000       0.018414075       0.018414075
   17600.000000000       0.018181739       0.018181739
   17610.000000000       0.017952103       0.017952103
   17620.000000000       0.017725142       0.017725142
   17630.000000000       0.017500830       0.017500830
   17640.000000000       0.017279144       0.017279144
   17650.000000000       0.017060058       0.017060058
   17660.000000000       0.016843549       0.016843549
   17670.000000000       0.016629591       0.016629591
   17680.000000000       0.016418160       0.016418160
   17690.000000000       0.016209233       0.016209233
   17700.000000000       0.016002785       0.016002785
   17710.000000000       0.015798792       0.015798792
   17720.000000000       0.015597230       0.015597230
   17730.000000000       0.015398075       0.015398075
   17740.000000000       0.015201304       0.015201304
   17750.000000000       0.015006893       0.015006893
   17760.000000000       0.014814818       0.014814818
   17770.000000000       0.014625056       0.014625056
   17780.000000000       0.014437584       0.014437584
   17790.000000000       0.014252377       0.014252377
   17800.000000000       0.014069414       0.014069414
   17810.000000000       0.013888670       0.013888670
   17820.000000000       0.013710122       0.013710122
   17830.000000000       0.013533749       0.013533749
   17840.000000000       0.013359526       0.013359526
   17850.000000000       0.013187431       0.013187431
   17860.000000000       0.013017442       0.013017442
   17870.000000000       0.012849535       0.012849535
   17880.000000000       0.012683689       0.012683689
   17890.000000000       0.012519881       0.012519881
   17900.000000000       0.012358088       0.012358088
   17910.000000000       0.012198289       0.012198289
   17920.000000000       0.012040461       0.012040461
   17930.000000000       0.011884582       0.011884582
   17940.000000000       0.011730631       0.011730631
   17950.000000000       0.011578587       0.011578587
   17960.000000000       0.011428426       0.011428426
   17970.000000000       0.011280128       0.011280128
   17980.000000000       0.011133672       0.011133672
   17990.000000000       0.010989035       0.010989035
   18000.000000000       0.010846198       0.010846198
   18010.000000000       0.010705139       0.010705139
   18020.000000000       0.010565837       0.010565837
   18030.000000000       0.010428272       0.010428272
   18040.000000000       0.010292423       0.010292423
   18050.000000000       0.010158270       0.010158270
   18060.000000000       0.010025792       0.010025792
   18070.000000000       0.009894969       0.009894969
   18080.000000000       0.009765781       0.009765781
   18090.000000000       0.009638209       0.009638209
   18100.000000000       0.009512233       0.009512233
   18110.000000000       0.009387834       0.009387834
   18120.000000000       0.009264991       0.009264991
   18130.000000000       0.009143687       0.009143687
   18140.000000000       0.009023901       0.009023901
   18150.000000000       0.008905616       0.008905616
   18160.000000000       0.008788812       0.008788812
   18170.000000000       0.008673471       0.008673471
   18180.000000000       0.008559576       0.008559576
   18190.000000000       0.008447106       0.008447106
   18200.000000000       0.008336046       0.008336046
   18210.000000000       0.008226377       0.008226377
   18220.000000000       0.008118082       0.008118082
   18230.000000000       0.008011142       0.008011142
   18240.000000000       0.007905542       0.007905542
   18250.000000000       0.007801264       0.007801264
   18260.000000000       0.007698291       0.007698291
   18270.000000000       0.007596607       0.007596607
   18280.000000000       0.007496196       0.007496196
   18290.000000000       0.007397040       0.007397040
   18300.000000000       0.007299125       0.007299125
   18310.000000000       0.007202434       0.007202434
   18320.000000000       0.007106952       0.007106952
   18330.000000000       0.007012663       0.007012663
   18340.000000000       0.006919553       0.006919553
   18350.000000000       0.006827606       0.006827606
   18360.000000000       0.006736807       0.006736807
   18370.000000000       0.006647141       0.006647141
   18380.000000000       0.006558595       0.006558595
   18390.000000000       0.006471154       0.006471154
   18400.000000000       0.006384805       0.006384805
   18410.000000000       0.006299532       0.006299532
   18420.000000000       0.006215323       0.006215323
   18430.000000000       0.006132164       0.006132164
   18440.000000000       0.006050043       0.006050043
   18450.000000000       0.005968945       0.005968945
   18460.000000000       0.005888858       0.005888858
   18470.000000000       0.005809769       0.005809769
   18480.000000000       0.005731667       0.005731667
   18490.000000000       0.005654538       0.005654538
   18500.000000000       0.005578370       0.005578370
   18510.000000000       0.005503152       0.005503152
   18520.000000000       0.005428872       0.005428872
   18530.000000000       0.005355519       0.005355519
   18540.000000000       0.005283080       0.005283080
   18550.000000000       0.005211544       0.005211544
   18560.000000000       0.005140902       0.005140902
   18570.000000000       0.005071141       0.005071141
   18580.000000000       0.005002252       0.005002252
   18590.000000000       0.004934223       0.004934223
   18600.000000000       0.004867044       0.004867044
   18610.000000000       0.004800705       0.004800705
   18620.000000000       0.004735196       0.004735196
   18630.000000000       0.004670507       0.004670507
   18640.000000000       0.004606629       0.004606629
   18650.000000000       0.004543552       0.004543552
   18660.000000000       0.004481266       0.004481266
   18670.000000000       0.004419762       0.004419762
   18680.000000000       0.004359031       0.004359031
   18690.000000000       0.004299064       0.004299064
   18700.000000000       0.004239852       0.004239852
   18710.000000000       0.004181387       0.004181387
   18720.000000000       0.004123660       0.004123660
   18730.000000000       0.004066661       0.004066661
   18740.000000000       0.004010385       0.004010385
   18750.000000000       0.003954820       0.003954820
   18760.000000000       0.003899961       0.003899961
   18770.000000000       0.003845799       0.003845799
   18780.000000000       0.003792325       0.003792325
   18790.000000000       0.003739533       0.003739533
   18800.000000000       0.003687415       0.003687415
   18810.000000000       0.003635962       0.003635962
   18820.000000000       0.003585168       0.003585168
   18830.000000000       0.003535026       0.003535026
   18840.000000000       0.003485528       0.003485528
   18850.000000000       0.003436667       0.003436667
   18860.000000000       0.003388436       0.003388436
   18870.000000000       0.003340828       0.003340828
   18880.000000000       0.003293836       0.003293836
   18890.000000000       0.003247454       0.003247454
   18900.000000000       0.003201675       0.003201675
   18910.000000000       0.003156492       0.003156492
   18920.000000000       0.003111898       0.003111898
   18930.000000000       0.003067888       0.003067888
   18940.000000000       0.003024455       0.003024455
   18950.000000000       0.002981593       0.002981593
   18960.000000000       0.002939294       0.002939294
   18970.000000000       0.002897555       0.002897555
   18980.000000000       0.002856367       0.002856367
   18990.000000000       0.002815725       0.002815725
   19000.000000000       0.002775624       0.002775624
   19010.000000000       0.002736057       0.002736057
   19020.000000000       0.002697018       0.002697018
   19030.000000000       0.002658502       0.002658502
   19040.000000000       0.002620503       0.002620503
   19050.000000000       0.002583015       0.002583015
   19060.000000000       0.002546032       0.002546032
   19070.000000000       0.002509549       0.002509549
   19080.000000000       0.002473561       0.002473561
   19090.000000000       0.002438062       0.002438062
   19100.000000000       0.002403046       0.002403046
   19110.000000000       0.002368508       0.002368508
   19120.000000000       0.002334443       0.002334443
   19130.000000000       0.002300845       0.002300845
   19140.000000000       0.002267709       0.002267709
   19150.000000000       0.002235030       0.002235030
   19160.000000000       0.002202802       0.002202802
   19170.000000000       0.002171021       0.002171021
   19180.000000000       0.002139681       0.002139681
   19190.000000000       0.002108778       0.002108778
   19200.000000000       0.002078305       0.002078305
   19210.000000000       0.002048259       0.002048259
   19220.000000000       0.002018633       0.002018633
   19230.000000000       0.001989424       0.001989424
   19240.000000000       0.001960626       0.001960626
   19250.000000000       0.001932234       0.001932234
   19260.000000000       0.001904243       0.001904243
   19270.000000000       0.001876649       0.001876649
   19280.000000000       0.001849447       0.001849447
   19290.000000000       0.001822631       0.001822631
   19300.000000000       0.001796198       0.001796198
   19310.000000000       0.001770142       0.001770142
   19320.000000000       0.001744459       0.001744459
   19330.000000000       0.001719144       0.001719144
   19340.000000000       0.001694192       0.001694192
   19350.000000000       0.001669599       0.001669599
   19360.000000000       0.001645361       0.001645361
   19370.000000000       0.001621472       0.001621472
   19380.000000000       0.001597928       0.001597928
   19390.000000000       0.001574725       0.001574725
   19400.000000000       0.001551859       0.001551859
   19410.000000000       0.001529324       0.001529324
   19420.000000000       0.001507116       0.001507116
   19430.000000000       0.001485232       0.001485232
   19440.000000000       0.001463666       0.001463666
   19450.000000000       0.001442415       0.001442415
   19460.000000000       0.001421474       0.001421474
   19470.000000000       0.001400839       0.001400839
   19480.000000000       0.001380505       0.001380505
   19490.000000000       0.001360469       0.001360469
   19500.000000000       0.001340727       0.001340727
   19510.000000000       0.001321273       0.001321273
   19520.000000000       0.001302105       0.001302105
   19530.000000000       0.001283218       0.001283218
   19540.000000000       0.001264608       0.001264608
   19550.000000000       0.001246271       0.001246271
   19560.000000000       0.001228203       0.001228203
   19570.000000000       0.001210401       0.001210401
   19580.000000000       0.001192860       0.001192860
   19590.000000000       0.001175577       0.001175577
   19600.000000000       0.001158547       0.001158547
   19610.000000000       0.001141767       0.001141767
   19620.000000000       0.001125234       0.001125234
   19630.000000000       0.001108944       0.001108944
   19640.000000000       0.001092892       0.001092892
   19650.000000000       0.001077075       0.001077075
   19660.000000000       0.001061491       0.001061491
   19670.000000000       0.001046135       0.001046135
   19680.000000000       0.001031003       0.001031003
   19690.000000000       0.001016093       0.001016093
   19700.000000000       0.001001400       0.001001400
   19710.000000000       0.000986923       0.000986923
   19720.000000000       0.000972656       0.000972656
   19730.000000000       0.000958597       0.000958597
   19740.000000000       0.000944743       0.000944743
   19750.000000000       0.000931090       0.000931090
   19760.000000000       0.000917635       0.000917635
   19770.000000000       0.000904376       0.000904376
   19780.000000000       0.000891309       0.000891309
   19790.000000000       0.000878430       0.000878430
   19800.000000000       0.000865738       0.000865738
   19810.000000000       0.000853228       0.000853228
   19820.000000000       0.000840899       0.000840899
   19830.000000000       0.000828747       0.000828747
   19840.000000000       0.000816769       0.000816769
   19850.000000000       0.000804963       0.000804963
   19860.000000000       0.000793325       0.000793325
   19870.000000000       0.000781854       0.000781854
   19880.000000000       0.000770546       0.000770546
   19890.000000000       0.000759400       0.000759400
   19900.000000000       0.000748411       0.000748411
   19910.000000000       0.000737578       0.000737578
   19920.000000000       0.000726898       0.000726898
   19930.000000000       0.000716369       0.000716369
   19940.000000000       0.000705989       0.000705989
   19950.000000000       0.000695754       0.000695754
   19960.000000000       0.000685663       0.000685663
   19970.000000000       0.000675713       0.000675713
   19980.000000000       0.000665902       0.000665902
   19990.000000000       0.000656229       0.000656229
   20000.000000000       0.000646690       0.000646690
